day,avg_temperature_deg_c,avg_barometric_pressure_hpa,avg_wind_speed_ms
2018-01-01,20.69160839160839,1009.8202797202796,2.993706293706294
2018-01-02,20.334027777777777,1012.4527777777779,3.685416666666667
2018-01-03,20.51736111111111,1015.2562499999999,3.2430555555555554
2018-01-04,25.524305555555557,1013.9104166666667,2.3444444444444446
2018-01-05,29.90625,1010.4499999999999,1.9465277777777779
2018-01-06,31.97847222222222,1007.529861111111,3.752083333333333
2018-01-07,24.210416666666667,1011.3326388888888,3.6479166666666663
2018-01-08,21.84027777777778,1012.8118055555556,3.808333333333333
2018-01-09,21.509027777777778,1015.9770833333334,3.6965277777777774
2018-01-10,23.3125,1012.6645833333334,1.7041666666666666
2018-01-11,29.44722222222222,1006.5645833333333,1.9430555555555555
2018-01-12,23.992361111111112,1007.1194444444445,2.160416666666667
2018-01-13,20.299305555555556,1012.3000000000001,3.6645833333333337
2018-01-14,20.93263888888889,1017.6916666666667,3.4993055555555554
2018-01-15,24.293750000000003,1017.6465277777778,3.8666666666666663
2018-01-16,26.811111111111114,1015.0201388888888,3.2819444444444446
2018-01-17,32.21944444444445,1011.4118055555555,2.095833333333333
2018-01-18,36.006249999999994,1009.1986111111112,2.6875
2018-01-19,37.099999999999994,1007.626388888889,2.9944444444444445
2018-01-20,29.84861111111111,1008.3986111111111,2.9430555555555555
2018-01-21,32.06736111111111,1005.9534722222221,3.067361111111111
2018-01-22,25.591666666666665,1008.0812500000001,3.894444444444444
2018-01-23,23.861805555555556,1008.7930555555556,3.627083333333333
2018-01-24,24.165277777777778,1006.6881944444444,3.4361111111111113
2018-01-25,27.418750000000003,1005.4375,3.439583333333333
2018-01-26,27.66111111111111,1006.2972222222221,2.526388888888889
2018-01-27,32.78263888888889,1003.7048611111111,1.8055555555555556
2018-01-28,36.89791666666667,1001.6326388888889,3.870833333333333
2018-01-29,23.299999999999997,1007.1986111111112,3.6027777777777774
2018-01-30,19.835416666666667,1011.4993055555556,5.165277777777778
2018-01-31,19.168055555555554,1013.4833333333333,4.5569444444444445
2018-02-01,20.475,1012.6569444444444,3.5888888888888886
2018-02-02,24.225,1012.78125,3.2333333333333334
2018-02-03,26.01388888888889,1015.1979166666666,3.3666666666666667
2018-02-04,28.784027777777776,1016.4541666666667,2.3118055555555554
2018-02-05,30.23263888888889,1014.7965277777779,2.558333333333333
2018-02-06,30.970138888888886,1012.5784722222221,2.3423611111111113
2018-02-07,33.32222222222222,1010.6277777777777,2.161111111111111
2018-02-08,32.625,1010.0486111111111,2.3916666666666666
2018-02-09,31.65555555555555,1009.1305555555555,1.7715277777777778
2018-02-10,26.5625,1007.4173611111112,2.2965277777777775
2018-02-11,22.175694444444446,1010.1055555555556,3.7159722222222222
2018-02-12,19.991666666666667,1011.8215277777776,2.89375
2018-02-13,23.786805555555556,1009.5687499999999,1.7618055555555554
2018-02-14,23.084027777777777,1013.5076388888889,2.6868055555555554
2018-02-15,20.62986111111111,1015.4534722222221,2.6840277777777777
2018-02-16,21.047916666666666,1014.0381944444445,2.879861111111111
2018-02-17,24.622916666666665,1010.4236111111111,2.4118055555555555
2018-02-18,23.9125,1009.3395833333333,3.2125000000000004
2018-02-19,24.65972222222222,1010.1395833333333,3.595833333333333
2018-02-20,27.286805555555556,1008.7736111111111,2.8111111111111113
2018-02-21,26.748611111111114,1008.6645833333334,2.822222222222222
2018-02-22,32.56736111111111,1003.9451388888889,2.647222222222222
2018-02-23,29.943749999999998,1002.4833333333333,5.094444444444445
2018-02-24,22.385416666666668,1008.8625000000001,3.454861111111111
2018-02-25,21.335416666666667,1012.3937500000001,3.2868055555555555
2018-02-26,20.679166666666667,1012.7354166666667,2.2562499999999996
2018-02-27,28.040277777777778,1008.8368055555555,2.961111111111111
2018-02-28,21.864583333333332,1014.2527777777777,3.8486111111111114
2018-03-01,22.00486111111111,1014.1173611111111,2.507638888888889
2018-03-02,23.37777777777778,1009.7013888888889,1.56875
2018-03-03,21.731944444444444,1011.2583333333334,3.0597222222222222
2018-03-04,20.76111111111111,1015.4368055555556,3.6166666666666663
2018-03-05,18.827777777777776,1018.9159722222222,3.951388888888889
2018-03-06,20.65,1019.2138888888888,3.895138888888889
2018-03-07,26.306944444444444,1016.2666666666667,2.9090277777777778
2018-03-08,29.716666666666665,1016.7694444444444,3.1319444444444446
2018-03-09,29.147222222222222,1017.9090277777777,2.0930555555555554
2018-03-10,30.01805555555556,1019.3868055555556,2.345833333333333
2018-03-11,25.85486111111111,1021.2118055555555,3.310416666666667
2018-03-12,20.779166666666665,1022.2583333333334,4.026388888888889
2018-03-13,19.08888888888889,1021.6645833333334,3.7055555555555557
2018-03-14,19.90138888888889,1017.7763888888888,2.7375
2018-03-15,20.15625,1014.6812500000001,2.33125
2018-03-16,22.12013888888889,1011.7006944444444,1.9513888888888888
2018-03-17,28.59722222222222,1006.8222222222222,3.974305555555555
2018-03-18,19.99652777777778,1016.0687499999999,2.9000000000000004
2018-03-19,18.510416666666668,1020.1291666666667,2.1576388888888887
2018-03-20,19.82986111111111,1023.0673611111112,3.2930555555555556
2018-03-21,18.813194444444445,1019.9479166666666,3.0743055555555556
2018-03-22,21.415277777777778,1015.0534722222224,1.4874999999999998
2018-03-23,28.02013888888889,1012.4555555555556,2.3090277777777777
2018-03-24,27.421527777777776,1009.6402777777779,3.808333333333333
2018-03-25,19.956249999999997,1011.7756944444445,3.540277777777778
2018-03-26,16.979166666666668,1015.3083333333333,2.6868055555555554
2018-03-27,21.842361111111114,1011.8444444444444,3.2972222222222225
2018-03-28,21.777083333333334,1014.6458333333334,2.3631944444444444
2018-03-29,18.327777777777776,1017.7138888888888,2.3583333333333334
2018-03-30,18.41736111111111,1018.4881944444444,2.365972222222222
2018-03-31,20.83888888888889,1015.1159722222224,1.5138888888888888
2018-04-01,21.759722222222223,1013.4194444444444,1.6159722222222221
2018-04-02,18.930555555555557,1019.9256944444444,2.8444444444444446
2018-04-03,17.75625,1021.2930555555556,3.151388888888889
2018-04-04,19.897222222222222,1016.7375000000001,1.7118055555555556
2018-04-05,17.99652777777778,1015.9236111111111,2.1375
2018-04-06,18.99513888888889,1017.3090277777778,1.838888888888889
2018-04-07,22.720833333333335,1015.5111111111112,1.3916666666666666
2018-04-08,25.49722222222222,1014.0791666666667,3.0159722222222225
2018-04-09,28.025694444444444,1014.2243055555555,2.7729166666666667
2018-04-10,29.376388888888886,1013.9256944444444,3.1756944444444444
2018-04-11,26.552777777777777,1010.6645833333334,3.876388888888889
2018-04-12,20.959722222222222,1012.7652777777779,1.698611111111111
2018-04-13,18.864583333333332,1010.1597222222222,3.4527777777777775
2018-04-14,17.663888888888888,1010.5444444444444,4.385416666666667
2018-04-15,19.001388888888886,1014.3298611111111,2.9340277777777777
2018-04-16,18.560416666666665,1018.9236111111111,2.5326388888888887
2018-04-17,18.209027777777777,1021.0972222222222,1.978472222222222
2018-04-18,20.855555555555554,1016.7034722222221,1.5499999999999998
2018-04-19,23.872916666666665,1014.71875,1.6020833333333333
2018-04-20,26.766666666666666,1015.9159722222222,2.1881944444444446
2018-04-21,25.872916666666665,1017.7687500000001,1.8875000000000002
2018-04-22,23.67013888888889,1016.9902777777778,1.9513888888888888
2018-04-23,23.705555555555556,1015.1645833333334,2.6875
2018-04-24,22.802083333333332,1016.313888888889,1.7979166666666666
2018-04-25,19.40277777777778,1016.4465277777776,1.9090277777777775
2018-04-26,17.385416666666668,1020.9381944444444,2.6590277777777778
2018-04-27,18.268749999999997,1022.8576388888889,1.6791666666666667
2018-04-28,17.98611111111111,1023.6812500000001,1.9319444444444445
2018-04-29,17.93402777777778,1026.1138888888888,3.0416666666666665
2018-04-30,17.464583333333334,1025.1604166666666,1.4041666666666666
2018-05-01,18.247916666666665,1019.5784722222221,2.0458333333333334
2018-05-02,20.438888888888886,1012.1291666666667,3.1458333333333335
2018-05-03,16.466666666666665,1010.9590277777778,3.2756944444444445
2018-05-04,14.925694444444446,1022.251388888889,2.6527777777777777
2018-05-05,14.283333333333335,1029.9743055555555,1.2479166666666668
2018-05-06,14.840277777777779,1027.5590277777778,1.6118055555555555
2018-05-07,17.280555555555555,1018.2590277777776,3.4583333333333335
2018-05-08,16.071527777777778,1021.0201388888888,1.7319444444444445
2018-05-09,14.447222222222223,1020.8847222222222,1.5152777777777777
2018-05-10,13.305555555555555,1022.8562499999999,2.896527777777778
2018-05-11,11.190277777777778,1026.6270833333333,2.517361111111111
2018-05-12,12.364583333333334,1029.1993055555556,2.3930555555555557
2018-05-13,14.184722222222222,1029.7624999999998,2.6395833333333334
2018-05-14,11.243749999999999,1028.6041666666667,1.4972222222222222
2018-05-15,13.360416666666667,1028.3138888888889,2.160416666666667
2018-05-16,12.302083333333334,1031.1131944444444,2.79375
2018-05-17,11.4375,1031.0402777777776,2.4180555555555556
2018-05-18,13.158333333333333,1028.1909722222222,0.8604166666666667
2018-05-19,13.871527777777779,1026.7020833333333,1.43125
2018-05-20,11.574305555555556,1028.6625,1.6868055555555557
2018-05-21,13.224305555555555,1030.3319444444444,1.3819444444444444
2018-05-22,15.239583333333334,1030.1979166666667,1.5833333333333333
2018-05-23,15.05763888888889,1028.6243055555556,1.5930555555555557
2018-05-24,13.552777777777777,1025.8305555555555,1.8333333333333333
2018-05-25,14.677777777777777,1023.3562499999999,1.776388888888889
2018-05-26,19.681944444444444,1019.3784722222222,3.040972222222222
2018-05-27,18.052083333333332,1016.8083333333333,2.1930555555555555
2018-05-28,18.595138888888886,1015.0222222222224,3.982638888888889
2018-05-29,13.959722222222222,1021.970138888889,2.5062499999999996
2018-05-30,10.916666666666666,1028.5993055555555,1.2777777777777777
2018-05-31,11.595833333333333,1028.8006944444444,1.0631944444444443
2018-06-01,11.468055555555557,1026.0916666666667,1.1958333333333333
2018-06-02,10.352777777777778,1024.8861111111112,0.9368055555555556
2018-06-03,10.943055555555555,1024.3270833333333,1.3423611111111111
2018-06-04,11.922222222222222,1024.6458333333333,1.5618055555555557
2018-06-05,11.288194444444445,1025.7708333333333,1.3145833333333334
2018-06-06,14.515277777777776,1022.0999999999999,2.3833333333333333
2018-06-07,15.712499999999999,1018.5541666666666,3.8194444444444446
2018-06-08,13.03125,1018.0847222222224,2.676388888888889
2018-06-09,13.851388888888888,1020.6076388888889,1.292361111111111
2018-06-10,14.720833333333335,1020.3305555555556,2.027083333333333
2018-06-11,17.072916666666668,1013.0562500000001,3.838194444444445
2018-06-12,13.5625,1013.6083333333333,2.3368055555555554
2018-06-13,13.285416666666666,1012.2881944444445,3.0305555555555554
2018-06-14,13.727083333333333,1014.8465277777777,4.103472222222222
2018-06-15,13.384722222222223,1020.1895833333333,2.6409722222222225
2018-06-16,11.344444444444443,1023.3715277777778,3.3305555555555557
2018-06-17,8.416666666666666,1028.0909722222223,1.5979166666666667
2018-06-18,8.182638888888889,1029.1819444444445,1.2270833333333333
2018-06-19,7.642361111111111,1025.7840277777777,2.0298611111111113
2018-06-20,9.17013888888889,1025.1194444444445,1.6291666666666667
2018-06-21,7.697916666666667,1027.482638888889,0.9680555555555556
2018-06-22,7.3374999999999995,1026.9930555555557,1.0881944444444445
2018-06-23,8.472222222222221,1027.0923611111111,1.213888888888889
2018-06-24,10.243055555555555,1029.007638888889,1.6229166666666666
2018-06-25,10.459027777777777,1029.7666666666667,1.1062500000000002
2018-06-26,9.37638888888889,1029.4208333333333,0.9659722222222222
2018-06-27,7.163194444444445,1028.0694444444443,1.0291666666666666
2018-06-28,8.21875,1022.3409722222223,1.9895833333333333
2018-06-29,11.530555555555557,1017.9472222222222,3.879166666666667
2018-06-30,8.861805555555556,1026.8458333333333,1.542361111111111
2018-07-01,7.455555555555555,1030.2159722222223,0.9972222222222222
2018-07-02,9.899305555555555,1027.2006944444445,2.2270833333333333
2018-07-03,12.015972222222222,1021.6368055555556,3.4312500000000004
2018-07-04,15.333333333333334,1017.0208333333334,4.309722222222223
2018-07-05,16.797222222222224,1010.8493055555555,4.182638888888889
2018-07-06,13.265972222222222,1016.6062499999999,3.9000000000000004
2018-07-07,11.879861111111111,1023.46875,2.8541666666666665
2018-07-08,12.352083333333333,1029.8979166666666,1.761111111111111
2018-07-09,10.270138888888889,1031.0222222222224,1.6486111111111112
2018-07-10,8.488888888888889,1028.0784722222222,1.3208333333333333
2018-07-11,8.036805555555555,1024.9256944444444,1.2833333333333334
2018-07-12,8.215277777777779,1023.6847222222223,1.0638888888888889
2018-07-13,9.895833333333334,1021.845138888889,1.2902777777777779
2018-07-14,10.875,1017.5048611111112,3.4791666666666665
2018-07-15,13.234027777777778,1011.3458333333333,4.459027777777778
2018-07-16,14.51056338028169,1010.1633802816903,3.9401408450704225
2018-07-17,13.727083333333333,1011.9499999999999,4.375694444444445
2018-07-18,13.26388888888889,1015.7909722222222,3.276388888888889
2018-07-19,12.156944444444443,1011.9576388888888,3.4215277777777775
2018-07-20,9.594444444444443,1019.8236111111112,1.8375000000000001
2018-07-21,12.067361111111111,1021.0097222222222,2.908333333333333
2018-07-22,13.792361111111111,1014.2944444444444,3.734722222222222
2018-07-23,16.50486111111111,1007.5965277777777,5.054166666666666
2018-07-24,13.824305555555556,1014.5534722222224,3.177777777777778
2018-07-25,11.85625,1017.7777777777778,1.2736111111111112
2018-07-26,14.166666666666666,1013.9069444444444,1.5298611111111111
2018-07-27,14.99513888888889,1011.0472222222221,1.7013888888888888
2018-07-28,11.408333333333333,1009.8118055555556,1.6145833333333333
2018-07-29,11.43888888888889,1016.3687500000001,2.7347222222222225
2018-07-30,13.025694444444445,1017.2166666666667,3.8506944444444446
2018-07-31,13.398611111111112,1017.4291666666666,2.229861111111111
2018-08-01,11.520833333333334,1018.8409722222223,1.4923611111111112
2018-08-02,17.62152777777778,1008.8569444444444,5.031944444444445
2018-08-03,12.536111111111111,1008.5548611111111,3.5770833333333334
2018-08-04,14.706944444444446,1009.2229166666667,5.668749999999999
2018-08-05,14.086111111111112,1002.8722222222223,5.852777777777778
2018-08-06,11.036805555555555,1009.4763888888889,4.559027777777778
2018-08-07,11.669444444444444,1014.8847222222222,3.6243055555555554
2018-08-08,13.261111111111111,1017.0729166666666,2.683333333333333
2018-08-09,13.480555555555556,1016.4659722222223,3.640972222222222
2018-08-10,15.602083333333333,1008.3263888888889,4.893750000000001
2018-08-11,10.427777777777777,1016.8652777777778,3.2131944444444445
2018-08-12,10.935416666666667,1026.8763888888889,1.9270833333333333
2018-08-13,11.442361111111111,1029.2256944444443,1.1479166666666667
2018-08-14,13.715972222222222,1021.1868055555556,4.264583333333333
2018-08-15,14.648611111111112,1014.7590277777776,3.957638888888889
2018-08-16,11.522222222222222,1017.251388888889,1.613888888888889
2018-08-17,13.508333333333333,1014.7631944444444,3.1868055555555554
2018-08-18,11.708333333333334,1021.0944444444444,3.2618055555555556
2018-08-19,9.938194444444443,1029.8243055555556,2.03125
2018-08-20,7.960416666666666,1027.3069444444445,1.3881944444444445
2018-08-21,10.380555555555555,1019.0520833333334,1.78125
2018-08-22,13.787500000000001,1011.2479166666667,2.6937499999999996
2018-08-23,16.819444444444443,1010.9055555555556,3.226388888888889
2018-08-24,15.90138888888889,1017.688888888889,4.245833333333334
2018-08-25,13.245833333333334,1019.4618055555555,2.2819444444444446
2018-08-26,10.859027777777778,1021.0729166666666,1.817361111111111
2018-08-27,12.006250000000001,1022.6527777777778,1.3361111111111112
2018-08-28,16.993055555555557,1017.7409722222224,2.0340277777777778
2018-08-29,21.546527777777776,1010.9784722222222,5.490972222222222
2018-08-30,17.533333333333335,1003.3819444444445,5.0625
2018-08-31,13.320138888888888,1005.2666666666667,4.7756944444444445
2018-09-01,13.136111111111111,1017.0930555555556,1.9798611111111113
2018-09-02,10.777083333333334,1022.4888888888888,1.9381944444444446
2018-09-03,9.766666666666667,1026.2958333333333,2.0923611111111113
2018-09-04,10.711805555555555,1022.6104166666667,1.7652777777777777
2018-09-05,17.12222222222222,1012.0993055555555,3.2604166666666665
2018-09-06,12.677083333333334,1012.3722222222223,2.3006944444444444
2018-09-07,10.153472222222222,1018.1923611111112,1.4347222222222222
2018-09-08,13.613194444444444,1019.4229166666667,1.9861111111111112
2018-09-09,14.42361111111111,1023.5083333333334,1.8423611111111111
2018-09-10,16.716666666666665,1022.1770833333334,2.23125
2018-09-11,17.915972222222223,1012.8805555555555,4.977083333333334
2018-09-12,12.745138888888889,1019.3847222222222,2.1277777777777778
2018-09-13,13.509722222222223,1018.6812500000001,1.7576388888888888
2018-09-14,19.735416666666666,1010.1798611111111,3.9444444444444446
2018-09-15,11.832638888888889,1019.1770833333334,4.643055555555556
2018-09-16,10.121527777777779,1024.6409722222222,1.4395833333333334
2018-09-17,14.443055555555556,1016.2750000000001,4.0680555555555555
2018-09-18,14.03125,1014.2402777777778,2.607638888888889
2018-09-19,11.406944444444443,1019.6194444444445,2.1506944444444445
2018-09-20,13.435416666666667,1024.117361111111,1.7374999999999998
2018-09-21,15.25902777777778,1025.798611111111,1.5729166666666667
2018-09-22,16.893055555555556,1026.3305555555555,2.204861111111111
2018-09-23,15.210416666666667,1028.7527777777777,3.0805555555555557
2018-09-24,14.003472222222221,1027.4833333333333,2.736111111111111
2018-09-25,13.656944444444443,1023.9909722222224,2.1770833333333335
2018-09-26,17.399305555555557,1017.4590277777778,2.1083333333333334
2018-09-27,15.339583333333334,1017.2597222222222,2.079861111111111
2018-09-28,12.913194444444445,1021.21875,2.6881944444444446
2018-09-29,11.351388888888888,1027.2083333333333,2.7631944444444443
2018-09-30,18.020833333333332,1025.197222222222,2.7006944444444443
2018-10-01,21.640277777777776,1019.1520833333333,2.470833333333333
2018-10-02,23.148611111111112,1015.1055555555556,2.897222222222222
2018-10-03,17.025,1017.4375,3.2
2018-10-04,13.595833333333333,1022.7930555555556,3.5618055555555554
2018-10-05,12.779166666666667,1022.2861111111112,2.3138888888888887
2018-10-06,17.405555555555555,1018.1180555555555,1.3986111111111112
2018-10-07,23.831944444444446,1014.9458333333334,2.0875000000000004
2018-10-08,20.850694444444443,1013.6965277777776,3.098611111111111
2018-10-09,15.114583333333334,1017.0944444444444,3.1180555555555554
2018-10-10,14.95972222222222,1019.0423611111112,3.295138888888889
2018-10-11,16.240972222222222,1017.9590277777778,3.086111111111111
2018-10-12,22.88611111111111,1014.8499999999999,2.4722222222222223
2018-10-13,25.961805555555557,1010.6680555555556,2.8583333333333334
2018-10-14,26.35763888888889,1006.8965277777778,4.572222222222222
2018-10-15,23.55902777777778,1004.5201388888888,5.961805555555555
2018-10-16,16.61111111111111,1015.8777777777777,4.015972222222222
2018-10-17,14.904861111111112,1018.5541666666666,3.0465277777777775
2018-10-18,16.924305555555556,1014.873611111111,1.2597222222222222
2018-10-19,21.797916666666666,1009.4159722222222,4.593055555555555
2018-10-20,15.506250000000001,1019.0451388888889,2.8555555555555556
2018-10-21,18.535416666666666,1016.5402777777776,2.0458333333333334
2018-10-22,23.479166666666668,1010.3006944444444,4.253472222222222
2018-10-23,15.970138888888888,1017.9340277777778,3.1215277777777777
2018-10-24,17.799999999999997,1018.0979166666667,2.142361111111111
2018-10-25,18.71597222222222,1017.3868055555556,2.567361111111111
2018-10-26,18.843055555555555,1018.5854166666666,3.0055555555555555
2018-10-27,18.35,1017.2236111111112,2.1131944444444444
2018-10-28,17.876388888888886,1017.0597222222223,1.8479166666666669
2018-10-29,17.49652777777778,1016.4583333333334,1.9729166666666669
2018-10-30,22.342361111111114,1014.6993055555556,2.1680555555555556
2018-10-31,28.899305555555557,1012.1430555555556,2.075
2018-11-01,29.99652777777778,1010.032638888889,3.509722222222222
2018-11-02,25.219444444444445,1013.1881944444444,3.591666666666667
2018-11-03,18.65,1018.6944444444445,1.9256944444444446
2018-11-04,22.82638888888889,1011.1090277777779,2.163888888888889
2018-11-05,22.420833333333334,1005.4666666666667,2.513888888888889
2018-11-06,18.47152777777778,1008.4951388888888,2.8569444444444443
2018-11-07,14.102083333333333,1016.8659722222224,3.323611111111111
2018-11-08,15.286805555555556,1021.3395833333333,1.5756944444444445
2018-11-09,18.97152777777778,1018.0305555555556,2.420138888888889
2018-11-10,20.825000000000003,1016.8388888888888,2.134027777777778
2018-11-11,24.710416666666667,1014.7354166666667,2.070138888888889
2018-11-12,27.896527777777777,1010.3652777777778,3.1083333333333334
2018-11-13,21.445833333333333,1010.3854166666666,2.8715277777777777
2018-11-14,19.14236111111111,1017.5979166666667,3.48125
2018-11-15,18.458333333333332,1021.0666666666667,3.1694444444444443
2018-11-16,19.191666666666666,1020.0152777777779,3.3243055555555556
2018-11-17,20.063888888888886,1018.8090277777778,3.3868055555555556
2018-11-18,25.30138888888889,1012.6541666666667,2.0062499999999996
2018-11-19,29.23611111111111,1006.4131944444445,3.1041666666666665
2018-11-20,18.09861111111111,1007.1361111111112,2.477777777777778
2018-11-21,14.449305555555554,1004.9041666666667,5.6194444444444445
2018-11-22,13.583333333333334,1011.4090277777777,4.588888888888889
2018-11-23,14.292361111111111,1014.6395833333333,2.292361111111111
2018-11-24,14.778472222222222,1008.5749999999999,1.6722222222222223
2018-11-25,18.179861111111112,1007.8625000000001,2.60625
2018-11-26,18.272916666666667,1007.0319444444444,1.7958333333333334
2018-11-27,15.837499999999999,1007.4430555555555,2.404166666666667
2018-11-28,15.805555555555555,1013.8923611111111,3.146527777777778
2018-11-29,17.380555555555556,1014.1145833333334,2.3979166666666667
2018-11-30,22.61111111111111,1011.9013888888888,1.8722222222222225
2018-12-01,25.329166666666666,1004.5840277777778,4.523611111111111
2018-12-02,18.410416666666666,1012.0743055555556,3.729861111111111
2018-12-03,19.438888888888886,1015.8548611111112,2.2006944444444443
2018-12-04,22.29861111111111,1015.6152777777778,2.511111111111111
2018-12-05,29.571527777777778,1012.4263888888888,2.216666666666667
2018-12-06,32.56736111111111,1009.3916666666667,2.6722222222222225
2018-12-07,31.389583333333334,1009.3937500000001,4.040277777777778
2018-12-08,24.218055555555555,1013.7958333333333,4.004166666666666
2018-12-09,22.54236111111111,1013.9368055555556,2.7104166666666667
2018-12-10,23.890972222222224,1014.1041666666666,4.081944444444444
2018-12-11,27.384027777777778,1009.8194444444445,2.33125
2018-12-12,25.718055555555555,1003.7444444444445,2.7027777777777775
2018-12-13,16.15138888888889,1009.6805555555555,5.902083333333334
2018-12-14,17.07361111111111,1005.8625000000001,5.195833333333334
2018-12-15,19.936111111111114,1005.1631944444445,2.7340277777777775
2018-12-16,20.531944444444445,1008.3347222222224,2.870833333333333
2018-12-17,24.088194444444444,1009.5437499999999,3.3187499999999996
2018-12-18,30.555555555555557,1007.8298611111111,3.2604166666666665
2018-12-19,31.488194444444446,1004.4902777777778,4.65
2018-12-20,21.218055555555555,1011.8874999999999,4.09375
2018-12-21,18.293055555555554,1015.8701388888888,4.185416666666667
2018-12-22,18.813194444444445,1019.3659722222224,3.6534722222222222
2018-12-23,23.668750000000003,1017.3687500000001,2.3118055555555554
2018-12-24,28.12986111111111,1013.4951388888888,2.1770833333333335
2018-12-25,30.641666666666666,1012.3180555555555,2.647222222222222
2018-12-26,31.891666666666666,1009.9937500000001,2.564583333333333
2018-12-27,31.329166666666666,1005.9840277777779,3.574305555555556
2018-12-28,33.00138888888889,1003.2277777777776,4.586805555555555
2018-12-29,26.44375,1007.8284722222221,2.48125
2018-12-30,23.24513888888889,1010.3006944444444,3.591666666666667
2018-12-31,22.60486111111111,1010.4000000000001,3.4430555555555555
2019-01-01,24.595138888888886,1010.2583333333334,4.134027777777778
2019-01-02,27.249305555555555,1008.3152777777777,4.113888888888889
2019-01-03,33.641666666666666,1004.6930555555555,2.3187499999999996
2019-01-04,25.540277777777778,1008.1465277777778,4.285416666666666
2019-01-05,20.704166666666666,1016.5701388888889,4.600694444444445
2019-01-06,20.85763888888889,1018.1145833333334,3.729861111111111
2019-01-07,22.977777777777778,1014.4597222222224,2.926388888888889
2019-01-08,21.95138888888889,1012.875,3.8625000000000003
2019-01-09,21.30763888888889,1015.6118055555556,3.7569444444444446
2019-01-10,23.93472222222222,1013.3604166666667,2.428472222222222
2019-01-11,30.36111111111111,1008.8388888888888,1.8548611111111113
2019-01-12,26.94236111111111,1012.6465277777778,3.967361111111111
2019-01-13,25.678472222222222,1013.5027777777777,4.279166666666667
2019-01-14,30.99236111111111,1008.1506944444445,2.247916666666667
2019-01-15,33.172916666666666,1006.8777777777777,2.2826388888888887
2019-01-16,30.78611111111111,1006.1340277777776,1.8680555555555556
2019-01-17,33.60069444444444,1005.217361111111,4.03125
2019-01-18,25.584027777777777,1010.8444444444444,3.953472222222222
2019-01-19,24.149305555555557,1018.2236111111112,4.174305555555556
2019-01-20,26.881944444444443,1016.4194444444444,3.3319444444444444
2019-01-21,28.815277777777776,1012.1937499999999,2.1645833333333333
2019-01-22,32.16527777777778,1009.4083333333333,1.963888888888889
2019-01-23,35.59513888888889,1007.4763888888889,2.314583333333333
2019-01-24,40.949305555555554,1003.0534722222224,3.734027777777778
2019-01-25,27.179861111111112,1008.5965277777777,3.6875
2019-01-26,23.2875,1010.7430555555555,2.939583333333333
2019-01-27,20.788194444444443,1013.9097222222222,2.520138888888889
2019-01-28,24.214583333333334,1012.1756944444444,2.2173611111111113
2019-01-29,27.476388888888888,1008.7458333333333,2.8006944444444444
2019-01-30,29.04513888888889,1005.3048611111111,3.3069444444444445
2019-01-31,22.814583333333335,1013.8687500000001,4.686111111111111
2019-02-01,26.800694444444446,1013.2861111111112,3.1590277777777778
2019-02-02,31.84722222222222,1008.2493055555556,1.6805555555555556
2019-02-03,28.91041666666667,1007.5076388888889,3.245833333333333
2019-02-04,24.72222222222222,1012.0534722222224,4.228472222222222
2019-02-05,25.810416666666665,1009.9395833333333,3.9909722222222226
2019-02-06,25.19375,1009.0451388888889,2.714583333333333
2019-02-07,24.106250000000003,1009.9826388888889,3.863194444444444
2019-02-08,21.104166666666668,1011.8416666666667,4.336111111111111
2019-02-09,20.224305555555556,1010.623611111111,3.9722222222222223
2019-02-10,20.72986111111111,1011.4930555555555,2.2944444444444443
2019-02-11,21.79513888888889,1005.563888888889,1.9208333333333334
2019-02-12,19.383333333333333,1005.5791666666667,4.251388888888889
2019-02-13,18.306944444444444,1015.6173611111111,3.2993055555555557
2019-02-14,19.648611111111112,1019.2652777777779,2.4229166666666666
2019-02-15,24.46527777777778,1018.8791666666667,2.4229166666666666
2019-02-16,26.740972222222222,1015.0124999999999,2.3625
2019-02-17,28.50347222222222,1008.501388888889,1.6715277777777777
2019-02-18,22.271527777777777,1009.5722222222222,3.9694444444444446
2019-02-19,19.975,1014.936111111111,3.0472222222222225
2019-02-20,19.511805555555554,1016.9715277777777,2.9555555555555557
2019-02-21,21.84027777777778,1017.8722222222223,2.7777777777777777
2019-02-22,25.428472222222222,1017.8562499999999,3.138888888888889
2019-02-23,28.792361111111113,1017.6333333333334,2.763888888888889
2019-02-24,31.352083333333333,1016.7715277777778,2.566666666666667
2019-02-25,32.33958333333333,1017.311111111111,2.884027777777778
2019-02-26,28.710416666666667,1016.0215277777778,2.5055555555555555
2019-02-27,29.304166666666667,1014.1701388888889,2.084027777777778
2019-02-28,30.141666666666666,1013.8194444444445,2.022222222222222
2019-03-01,34.394444444444446,1012.9576388888888,2.7965277777777775
2019-03-02,34.80486111111111,1012.3812499999999,2.966666666666667
2019-03-03,27.59722222222222,1015.0451388888889,2.457638888888889
2019-03-04,25.05902777777778,1016.3618055555556,2.1881944444444446
2019-03-05,21.924305555555556,1015.251388888889,3.0250000000000004
2019-03-06,18.529861111111114,1020.1048611111112,4.626388888888889
2019-03-07,19.59027777777778,1019.0930555555556,2.2159722222222222
2019-03-08,24.490972222222222,1015.751388888889,1.9680555555555554
2019-03-09,26.394444444444446,1016.3131944444444,2.0465277777777775
2019-03-10,24.54236111111111,1014.5687499999999,2.051388888888889
2019-03-11,22.327777777777776,1013.53125,2.0555555555555554
2019-03-12,20.713194444444444,1015.4020833333333,2.8715277777777777
2019-03-13,19.230555555555554,1015.9513888888889,2.048611111111111
2019-03-14,19.81527777777778,1015.1777777777778,2.178472222222222
2019-03-15,21.561111111111114,1015.7451388888888,2.7444444444444445
2019-03-16,24.6625,1014.8791666666667,2.2180555555555554
2019-03-17,25.37986111111111,1014.2131944444445,2.497916666666667
2019-03-18,24.73888888888889,1013.8249999999999,2.004861111111111
2019-03-19,22.279166666666665,1013.7854166666667,2.1395833333333334
2019-03-20,21.724305555555556,1013.7256944444445,1.9249999999999998
2019-03-21,23.365277777777777,1012.5875000000001,2.6409722222222225
2019-03-22,24.25347222222222,1009.8499999999999,2.1708333333333334
2019-03-23,22.747916666666665,1010.4736111111112,1.1583333333333334
2019-03-24,21.35,1008.7854166666667,2.3875
2019-03-25,18.386805555555554,1015.3312500000001,3.957638888888889
2019-03-26,18.113194444444446,1021.6763888888888,2.7340277777777775
2019-03-27,19.334027777777777,1019.8666666666666,1.7159722222222222
2019-03-28,22.413194444444443,1013.1909722222222,1.8736111111111111
2019-03-29,20.282638888888886,1011.0673611111112,4.75
2019-03-30,15.04027777777778,1019.1673611111112,3.396527777777778
2019-03-31,17.14236111111111,1022.3465277777777,2.2152777777777777
2019-04-01,17.248611111111114,1023.3902777777779,1.976388888888889
2019-04-02,19.398611111111112,1021.3597222222221,1.5097222222222222
2019-04-03,22.15902777777778,1022.0965277777777,2.0625
2019-04-04,26.043750000000003,1020.8854166666666,1.9375
2019-04-05,26.581944444444446,1016.6270833333333,4.151388888888889
2019-04-06,18.947916666666668,1020.6520833333333,2.154166666666667
2019-04-07,18.304861111111112,1017.7291666666666,2.0493055555555557
2019-04-08,18.622916666666665,1016.6472222222224,2.1222222222222222
2019-04-09,16.59722222222222,1022.0277777777778,2.9409722222222223
2019-04-10,15.761805555555554,1024.9243055555555,2.7680555555555557
2019-04-11,16.02013888888889,1023.2159722222223,1.4777777777777779
2019-04-12,18.663194444444443,1020.967361111111,1.990277777777778
2019-04-13,19.97222222222222,1021.1131944444444,1.5256944444444445
2019-04-14,22.118055555555557,1018.15625,1.8576388888888888
2019-04-15,25.56875,1014.3402777777778,2.976388888888889
2019-04-16,26.563194444444445,1014.6958333333334,3.310416666666667
2019-04-17,24.839583333333334,1016.8840277777776,4.387499999999999
2019-04-18,20.834722222222222,1022.0006944444444,1.9444444444444444
2019-04-19,26.311805555555555,1018.7138888888888,2.6576388888888887
2019-04-20,26.977777777777778,1014.7666666666667,3.7624999999999997
2019-04-21,16.71597222222222,1019.9798611111112,2.2444444444444445
2019-04-22,15.754166666666666,1024.4444444444443,2.79375
2019-04-23,15.773611111111112,1025.076388888889,2.979861111111111
2019-04-24,15.438888888888888,1024.5298611111111,2.6666666666666665
2019-04-25,15.074305555555554,1023.6243055555556,1.9486111111111113
2019-04-26,16.01111111111111,1024.3541666666667,2.5180555555555557
2019-04-27,13.495138888888889,1028.5430555555556,2.1944444444444446
2019-04-28,14.136111111111111,1027.7875,2.320138888888889
2019-04-29,15.777777777777779,1021.5631944444444,1.536111111111111
2019-04-30,18.627083333333335,1008.8479166666667,3.9854166666666666
2019-05-01,16.075694444444444,1008.0534722222224,4.778472222222223
2019-05-02,15.23611111111111,1015.3958333333334,3.6743055555555557
2019-05-03,14.445833333333333,1019.3743055555556,2.9631944444444445
2019-05-04,14.655555555555557,1024.1437500000002,1.4194444444444445
2019-05-05,12.792361111111111,1024.9402777777777,1.3944444444444446
2019-05-06,13.904166666666667,1020.1694444444444,1.7583333333333333
2019-05-07,16.15,1014.8243055555556,4.199999999999999
2019-05-08,15.130555555555556,1018.7958333333333,2.035416666666667
2019-05-09,12.779166666666667,1014.3187499999999,3.463888888888889
2019-05-10,11.091666666666667,1025.5993055555555,1.9715277777777775
2019-05-11,12.444444444444445,1031.0749999999998,1.2354166666666666
2019-05-12,13.995833333333334,1029.1374999999998,1.229861111111111
2019-05-13,14.363888888888889,1025.8631944444444,2.040972222222222
2019-05-14,13.372916666666667,1028.13125,1.5812499999999998
2019-05-15,13.73263888888889,1028.7034722222222,1.2152777777777777
2019-05-16,14.94236111111111,1024.5708333333334,1.6944444444444444
2019-05-17,16.80138888888889,1021.8430555555556,1.3409722222222222
2019-05-18,21.225,1020.9375,2.463888888888889
2019-05-19,21.70486111111111,1018.8840277777776,3.492361111111111
2019-05-20,16.325000000000003,1020.8222222222222,1.6243055555555557
2019-05-21,16.068055555555556,1021.84375,1.0895833333333333
2019-05-22,16.04236111111111,1024.9097222222222,1.1041666666666667
2019-05-23,18.313194444444445,1021.8472222222222,2.689583333333333
2019-05-24,20.13888888888889,1017.8444444444444,3.3881944444444443
2019-05-25,14.250694444444443,1018.0659722222222,1.7604166666666667
2019-05-26,13.520138888888889,1019.4729166666667,2.7173611111111113
2019-05-27,13.32986111111111,1020.8048611111111,2.5125
2019-05-28,14.435416666666665,1018.8229166666666,2.9916666666666667
2019-05-29,12.04375,1017.9513888888889,3.09375
2019-05-30,8.7375,1028.8791666666666,1.270138888888889
2019-05-31,10.929166666666667,1032.2333333333333,1.6729166666666666
2019-06-01,12.716666666666667,1032.1055555555556,2.240277777777778
2019-06-02,11.55,1031.3333333333333,2.0875000000000004
2019-06-03,10.545833333333333,1030.1881944444444,2.6722222222222225
2019-06-04,10.920833333333333,1031.7923611111112,2.395138888888889
2019-06-05,8.777083333333334,1034.7694444444444,2.1444444444444444
2019-06-06,7.577777777777778,1035.9173611111112,1.15625
2019-06-07,8.540972222222223,1031.3583333333333,1.3708333333333333
2019-06-08,12.555555555555555,1023.9090277777777,2.338888888888889
2019-06-09,15.97361111111111,1014.9659722222223,2.9986111111111113
2019-06-10,15.636111111111111,1015.0368055555555,2.527083333333333
2019-06-11,15.864583333333334,1016.2923611111112,2.607638888888889
2019-06-12,15.80763888888889,1014.6451388888888,2.792361111111111
2019-06-13,13.488194444444444,1019.5548611111111,2.057638888888889
2019-06-14,13.268055555555556,1020.9326388888888,1.8590277777777777
2019-06-15,12.036111111111111,1020.9875000000001,1.8694444444444445
2019-06-16,12.618055555555555,1021.0111111111112,1.375
2019-06-17,11.040277777777778,1021.654861111111,2.104861111111111
2019-06-18,10.895833333333334,1024.2652777777778,1.6326388888888888
2019-06-19,7.464583333333334,1026.3701388888887,1.0305555555555557
2019-06-20,8.845833333333333,1025.804861111111,1.8520833333333333
2019-06-21,11.26388888888889,1028.304861111111,1.2166666666666666
2019-06-22,11.277083333333334,1029.0888888888887,1.5479166666666666
2019-06-23,7.6729166666666675,1029.0694444444443,1.1256944444444443
2019-06-24,9.760416666666666,1028.1368055555556,2.51875
2019-06-25,11.15625,1029.0340277777777,1.3854166666666667
2019-06-26,11.765972222222222,1028.0847222222224,1.9576388888888887
2019-06-27,17.257638888888888,1022.8048611111111,3.6374999999999997
2019-06-28,17.633333333333333,1016.7916666666666,3.3833333333333333
2019-06-29,12.877777777777778,1016.0562500000001,4.052777777777778
2019-06-30,10.575,1023.2284722222222,3.002083333333333
2019-07-01,10.983333333333333,1020.3993055555555,2.9388888888888887
2019-07-02,10.300694444444444,1022.7263888888889,1.6381944444444445
2019-07-03,11.938194444444443,1028.0159722222222,1.9506944444444443
2019-07-04,11.869444444444445,1029.5576388888887,1.6875
2019-07-05,14.350694444444445,1025.304861111111,2.191666666666667
2019-07-06,18.436805555555555,1021.7604166666666,3.347916666666667
2019-07-07,13.991666666666667,1024.8694444444445,1.5881944444444445
2019-07-08,9.579166666666667,1027.38125,1.1006944444444444
2019-07-09,9.96736111111111,1021.1020833333334,1.9388888888888889
2019-07-10,14.51388888888889,1013.5590277777778,5.028472222222223
2019-07-11,14.25,1017.7152777777778,2.788888888888889
2019-07-12,13.243055555555555,1017.7791666666667,3.788888888888889
2019-07-13,9.758333333333333,1027.3208333333334,2.392361111111111
2019-07-14,10.33125,1031.2555555555555,1.9777777777777779
2019-07-15,11.68611111111111,1030.2902777777776,1.65625
2019-07-16,10.770138888888889,1028.632638888889,1.0284722222222222
2019-07-17,11.646527777777777,1024.5305555555556,1.9187500000000002
2019-07-18,12.602777777777778,1021.0819444444444,2.5243055555555554
2019-07-19,12.849305555555555,1019.5486111111111,2.4993055555555554
2019-07-20,15.681249999999999,1011.7895833333334,4.145833333333333
2019-07-21,13.633333333333333,1014.1736111111111,2.1236111111111113
2019-07-22,14.720138888888888,1013.0916666666667,4.225694444444445
2019-07-23,14.779861111111112,1018.1680555555556,3.4875
2019-07-24,13.007638888888888,1024.6229166666667,1.43125
2019-07-25,12.01875,1022.7354166666667,1.9895833333333333
2019-07-26,13.844444444444443,1021.3916666666667,2.027083333333333
2019-07-27,11.668055555555556,1022.3173611111112,1.1979166666666667
2019-07-28,13.89375,1020.0854166666666,1.7868055555555555
2019-07-29,12.561805555555557,1023.5291666666667,1.8993055555555556
2019-07-30,10.026388888888889,1027.8159722222222,1.8465277777777775
2019-07-31,8.540277777777778,1031.5729166666667,2.1055555555555556
2019-08-01,10.800694444444444,1033.8694444444445,2.053472222222222
2019-08-02,10.386111111111111,1034.0743055555556,2.1145833333333335
2019-08-03,9.688194444444443,1032.9694444444444,1.8243055555555554
2019-08-04,10.640277777777778,1027.9375,1.8881944444444443
2019-08-05,11.66875,1022.2409722222224,2.5430555555555556
2019-08-06,13.9375,1014.7131944444445,3.259027777777778
2019-08-07,11.811805555555557,1008.8784722222222,2.0319444444444446
2019-08-08,12.015972222222222,1009.967361111111,4.572222222222222
2019-08-09,11.17361111111111,1013.4458333333334,3.9965277777777777
2019-08-10,9.968055555555557,1019.1361111111112,2.5777777777777775
2019-08-11,10.410416666666666,1021.4034722222223,2.990277777777778
2019-08-12,7.758333333333334,1026.9916666666666,1.473611111111111
2019-08-13,8.257638888888888,1027.1222222222223,1.3138888888888889
2019-08-14,12.006944444444445,1023.28125,2.8777777777777778
2019-08-15,15.689583333333335,1018.3291666666667,3.9506944444444443
2019-08-16,13.977777777777778,1018.7881944444445,2.714583333333333
2019-08-17,13.616666666666667,1014.3576388888889,1.613888888888889
2019-08-18,11.680555555555555,1015.6534722222223,3.7159722222222222
2019-08-19,9.663194444444445,1028.8909722222222,1.9333333333333331
2019-08-20,10.889583333333333,1032.4840277777778,1.8805555555555555
2019-08-21,12.152777777777779,1030.0048611111113,1.7277777777777779
2019-08-22,11.57638888888889,1028.4006944444445,1.3131944444444443
2019-08-23,12.355555555555556,1021.8784722222222,2.347916666666667
2019-08-24,13.740972222222222,1017.9666666666667,3.623611111111111
2019-08-25,8.511111111111111,1025.0618055555556,1.995138888888889
2019-08-26,8.640277777777778,1026.8645833333333,1.8888888888888888
2019-08-27,9.04375,1026.9388888888889,1.7069444444444446
2019-08-28,9.837499999999999,1026.7944444444445,1.942361111111111
2019-08-29,10.041666666666666,1027.9354166666667,2.46875
2019-08-30,12.141666666666667,1023.1979166666666,2.2569444444444446
2019-08-31,16.28402777777778,1017.3465277777777,4.085416666666666
2019-09-01,15.29513888888889,1019.2527777777777,2.158333333333333
2019-09-02,17.836111111111112,1015.7236111111112,3.553472222222222
2019-09-03,17.225,1016.4819444444444,1.8187499999999999
2019-09-04,19.501388888888886,1013.8263888888889,1.6569444444444443
2019-09-05,16.022916666666667,1012.4083333333333,2.9361111111111113
2019-09-06,12.895833333333334,1016.1291666666667,5.347916666666666
2019-09-07,13.03125,1022.7666666666667,2.790972222222222
2019-09-08,13.459027777777777,1024.9145833333334,2.9791666666666665
2019-09-09,10.631944444444445,1028.3722222222223,1.9895833333333333
2019-09-10,12.29375,1027.8013888888888,1.4090277777777778
2019-09-11,16.589583333333334,1026.2548611111113,2.726388888888889
2019-09-12,18.77777777777778,1023.2979166666667,3.6319444444444446
2019-09-13,14.396527777777777,1025.6506944444445,1.9284722222222221
2019-09-14,18.84097222222222,1023.4833333333333,1.6569444444444443
2019-09-15,23.129166666666666,1017.3125,3.9097222222222223
2019-09-16,13.105555555555556,1021.5819444444444,3.3062500000000004
2019-09-17,10.506250000000001,1025.8756944444444,2.292361111111111
2019-09-18,16.379166666666666,1021.1388888888889,2.308333333333333
2019-09-19,24.236805555555556,1009.5465277777779,5.347916666666666
2019-09-20,15.613888888888889,1012.4493055555556,2.7527777777777778
2019-09-21,11.894444444444444,1019.2090277777778,2.9520833333333334
2019-09-22,11.568055555555555,1025.6847222222223,2.220833333333333
2019-09-23,12.079166666666667,1029.8444444444444,1.7430555555555556
2019-09-24,11.73263888888889,1029.8368055555557,1.9874999999999998
2019-09-25,14.758333333333333,1026.4479166666667,1.884722222222222
2019-09-26,17.321527777777778,1021.5409722222222,1.59375
2019-09-27,17.116666666666667,1019.1701388888889,3.3763888888888887
2019-09-28,13.768055555555556,1020.9729166666667,2.127083333333333
2019-09-29,14.679861111111112,1022.3472222222222,2.634027777777778
2019-09-30,17.038194444444443,1023.4569444444444,1.6006944444444444
2019-10-01,23.788888888888888,1021.5020833333333,2.429861111111111
2019-10-02,24.17638888888889,1018.5229166666666,4.015972222222222
2019-10-03,17.123611111111114,1020.5048611111112,2.1548611111111113
2019-10-04,24.106944444444444,1016.0166666666667,1.9395833333333334
2019-10-05,27.188888888888886,1010.0756944444444,3.8173611111111114
2019-10-06,19.428472222222222,1014.9027777777778,2.476388888888889
2019-10-07,15.76736111111111,1018.2993055555556,3.038888888888889
2019-10-08,12.897222222222222,1025.1569444444444,3.4791666666666665
2019-10-09,13.072222222222223,1026.225,2.103472222222222
2019-10-10,16.968055555555555,1021.1826388888888,1.8631944444444446
2019-10-11,17.599305555555556,1014.7965277777779,2.388888888888889
2019-10-12,22.602083333333333,1010.3062500000001,1.8277777777777777
2019-10-13,21.6,1011.0784722222221,2.897222222222222
2019-10-14,16.694444444444443,1014.9326388888888,2.290972222222222
2019-10-15,15.777777777777779,1013.0381944444445,2.6243055555555554
2019-10-16,16.634722222222223,1013.2638888888889,4.125
2019-10-17,14.757638888888888,1018.6465277777778,2.698611111111111
2019-10-18,16.127083333333335,1017.2416666666666,2.6263888888888887
2019-10-19,14.885416666666666,1023.1020833333334,3.053472222222222
2019-10-20,14.546527777777776,1027.0416666666667,2.4347222222222222
2019-10-21,18.704166666666666,1024.445138888889,1.4673611111111111
2019-10-22,22.262500000000003,1020.2090277777778,1.6770833333333333
2019-10-23,25.094444444444445,1015.0819444444444,1.7694444444444446
2019-10-24,27.084722222222222,1006.6013888888889,3.7319444444444443
2019-10-25,18.388194444444444,1012.0138888888889,4.465972222222223
2019-10-26,16.257638888888888,1016.4208333333333,3.698611111111111
2019-10-27,16.445138888888888,1020.3180555555555,2.011111111111111
2019-10-28,19.268749999999997,1020.1840277777778,1.7972222222222223
2019-10-29,24.16736111111111,1015.4895833333334,2.1888888888888887
2019-10-30,26.235416666666666,1011.9506944444444,3.0652777777777778
2019-10-31,28.674999999999997,1006.3381944444445,4.8805555555555555
2019-11-01,25.338194444444444,1004.4138888888889,4.383333333333334
2019-11-02,20.54861111111111,1008.6513888888888,1.8729166666666666
2019-11-03,17.53611111111111,1015.5902777777778,2.939583333333333
2019-11-04,16.353472222222223,1021.9138888888889,3.573611111111111
2019-11-05,17.36388888888889,1019.9895833333334,1.9534722222222223
2019-11-06,18.649305555555557,1013.0527777777778,3.1215277777777777
2019-11-07,18.31597222222222,1013.1687499999999,3.7916666666666665
2019-11-08,15.488888888888889,1016.7923611111112,5.266666666666667
2019-11-09,13.852777777777778,1022.9069444444444,2.5729166666666665
2019-11-10,17.56875,1018.1340277777776,1.5138888888888888
2019-11-11,23.643055555555556,1009.1076388888889,4.686111111111111
2019-11-12,15.979166666666666,1018.5173611111111,4.527777777777778
2019-11-13,15.888194444444444,1022.3979166666666,2.4243055555555557
2019-11-14,18.26388888888889,1018.967361111111,2.2618055555555556
2019-11-15,17.31527777777778,1017.1437500000001,2.665972222222222
2019-11-16,15.843055555555557,1019.845138888889,3.457638888888889
2019-11-17,17.635416666666668,1020.9034722222223,2.9312500000000004
2019-11-18,24.389583333333334,1014.6868055555556,2.176388888888889
2019-11-19,25.770833333333332,1010.9638888888888,1.682638888888889
2019-11-20,33.3625,1004.1090277777779,4.575694444444444
2019-11-21,22.063888888888886,1009.6319444444445,4.458333333333333
2019-11-22,18.511805555555554,1017.470138888889,2.5833333333333335
2019-11-23,18.156944444444445,1019.4847222222221,2.7930555555555556
2019-11-24,21.780555555555555,1014.0847222222224,1.6881944444444443
2019-11-25,23.564583333333335,1006.6993055555556,4.129166666666666
2019-11-26,16.718055555555555,1016.3527777777776,3.890277777777778
2019-11-27,20.228472222222223,1014.8576388888889,2.533333333333333
2019-11-28,20.65277777777778,1013.2291666666666,2.777083333333333
2019-11-29,18.990277777777777,1013.8895833333333,3.165277777777778
2019-11-30,16.08888888888889,1017.3430555555556,3.4479166666666665
2019-12-01,16.77638888888889,1010.0770833333333,4.627083333333333
2019-12-02,16.979166666666668,1009.9083333333333,4.25
2019-12-03,17.700000000000003,1015.4375,2.654166666666667
2019-12-04,20.748611111111114,1015.8229166666666,2.2222222222222223
2019-12-05,22.130555555555556,1012.8125,2.4694444444444446
2019-12-06,19.30972222222222,1014.9104166666667,3.245138888888889
2019-12-07,22.706944444444446,1014.2618055555556,2.4000000000000004
2019-12-08,32.269444444444446,1010.0145833333333,3.209722222222222
2019-12-09,22.756944444444443,1014.8888888888889,2.763888888888889
2019-12-10,20.398611111111112,1017.8347222222224,3.7020833333333334
2019-12-11,20.006944444444443,1017.3541666666666,3.755555555555555
2019-12-12,19.109027777777776,1020.1388888888889,4.163888888888889
2019-12-13,17.31875,1020.248611111111,3.4090277777777778
2019-12-14,20.16111111111111,1016.3465277777777,2.3722222222222222
2019-12-15,25.459027777777777,1010.8368055555555,2.4756944444444446
2019-12-16,29.57013888888889,1011.1076388888889,2.004166666666667
2019-12-17,35.69027777777777,1011.2319444444444,2.2125000000000004
2019-12-18,36.68611111111111,1009.7437500000001,2.2562499999999996
2019-12-19,37.31458333333333,1008.0888888888888,2.0791666666666666
2019-12-20,34.50138888888889,1007.7249999999999,3.949305555555556
2019-12-21,24.086111111111112,1016.9319444444445,4.247916666666667
2019-12-22,26.38125,1015.9784722222222,2.8430555555555554
2019-12-23,27.07361111111111,1014.4555555555556,2.3229166666666665
2019-12-24,28.508333333333333,1013.0722222222222,2.959027777777778
2019-12-25,29.345138888888886,1013.7312499999999,3.3784722222222223
2019-12-26,28.77152777777778,1013.9583333333334,3.4381944444444446
2019-12-27,33.96388888888889,1009.1916666666667,2.290972222222222
2019-12-28,33.46597222222223,1009.5347222222222,2.696527777777778
2019-12-29,32.86666666666667,1009.2909722222222,1.8416666666666666
2019-12-30,31.577083333333334,1004.3368055555555,4.543055555555556
2019-12-31,20.386805555555554,1013.4277777777778,4.3805555555555555
2020-01-01,21.83263888888889,1015.8666666666666,3.14375
2020-01-02,26.886805555555554,1014.0138888888889,2.0250000000000004
2020-01-03,33.98125,1005.6361111111112,4.242361111111111
2020-01-04,22.813194444444445,1013.1194444444445,4.7756944444444445
2020-01-05,15.078472222222224,1018.8486111111112,4.24375
2020-01-06,20.531944444444445,1015.7062500000001,2.4409722222222223
2020-01-07,24.76111111111111,1012.6826388888888,2.5027777777777778
2020-01-08,30.75486111111111,1010.9187499999999,2.441666666666667
2020-01-09,35.59722222222222,1006.4597222222224,3.9284722222222226
2020-01-10,22.256944444444443,1012.4402777777777,3.3472222222222223
2020-01-11,20.43472222222222,1019.2298611111112,3.880555555555555
2020-01-12,22.588194444444444,1015.688888888889,3.2201388888888887
2020-01-13,27.730555555555554,1010.2194444444444,2.2340277777777775
2020-01-14,27.172916666666666,1009.7701388888888,2.2631944444444443
2020-01-15,22.4375,1010.4861111111111,3.7861111111111114
2020-01-16,21.257638888888888,1012.3125,4.306338028169014
2020-01-17,19.949305555555554,1011.1902777777777,3.7631944444444443
2020-01-18,19.897916666666667,1008.0715277777776,2.6020833333333333
2020-01-19,19.375,1008.2375000000001,3.3687500000000004
2020-01-20,18.922916666666666,1010.7493055555556,3.5506944444444444
2020-01-21,22.668055555555554,1007.8013888888888,2.3041666666666667
2020-01-22,25.664583333333333,1000.1368055555556,3.7958333333333334
2020-01-23,19.91111111111111,1005.7284722222222,4.147916666666666
2020-01-24,20.50625,1013.8131944444444,1.929861111111111
2020-01-25,23.179166666666667,1013.96875,2.509027777777778
2020-01-26,23.01736111111111,1013.9854166666667,3.0625
2020-01-27,23.68402777777778,1013.8430555555556,3.3152777777777778
2020-01-28,25.501388888888886,1013.6062499999999,3.259722222222222
2020-01-29,31.274305555555557,1010.9520833333333,1.9090277777777775
2020-01-30,36.66458333333333,1004.8013888888888,3.060416666666667
2020-01-31,31.231250000000003,1004.2451388888888,4.504861111111111
2020-02-01,21.122916666666665,1011.1173611111111,3.2131944444444445
2020-02-02,19.930555555555557,1015.1111111111111,3.1041666666666665
2020-02-03,18.918055555555554,1016.7395833333334,3.0027777777777778
2020-02-04,20.11388888888889,1016.78125,3.054861111111111
2020-02-05,22.547916666666666,1015.0277777777778,3.189583333333333
2020-02-06,24.63611111111111,1013.626388888889,3.5652777777777778
2020-02-07,25.859722222222224,1014.3993055555555,2.352777777777778
2020-02-08,27.0,1013.5944444444444,3.3944444444444444
2020-02-09,27.290972222222223,1010.1430555555556,3.6298611111111114
2020-02-10,26.344444444444445,1008.3819444444445,2.5340277777777778
2020-02-11,23.904861111111114,1011.4326388888888,3.545138888888889
2020-02-12,22.479166666666668,1012.4020833333333,3.8291666666666666
2020-02-13,23.377083333333335,1008.9243055555556,2.6590277777777778
2020-02-14,22.584027777777777,1009.1722222222221,3.482638888888889
2020-02-15,21.727083333333333,1012.4506944444444,3.793055555555556
2020-02-16,21.209027777777777,1012.438888888889,2.7666666666666666
2020-02-17,25.431944444444444,1010.2493055555556,1.8499999999999999
2020-02-18,21.395833333333332,1014.3979166666666,5.084027777777778
2020-02-19,19.044444444444444,1016.2743055555555,3.3763888888888887
2020-02-20,18.80972222222222,1016.0020833333333,3.040277777777778
2020-02-21,19.92013888888889,1018.1458333333334,3.4222222222222225
2020-02-22,22.321527777777778,1017.8041666666666,3.0590277777777777
2020-02-23,25.888194444444444,1014.84375,1.5388888888888888
2020-02-24,27.731944444444444,1013.6222222222223,2.4000000000000004
2020-02-25,22.902083333333334,1012.7562499999999,2.098601398601399
2020-02-26,20.794444444444444,1013.7243055555555,3.1951388888888888
2020-02-27,17.80902777777778,1015.5944444444444,3.091666666666667
2020-02-28,19.670833333333334,1016.1798611111111,2.8645833333333335
2020-02-29,23.17013888888889,1012.6680555555556,1.7993055555555557
2020-03-01,24.61388888888889,1008.2395833333334,2.867361111111111
2020-03-02,21.51111111111111,1013.5868055555555,3.979861111111111
2020-03-03,19.216666666666665,1015.4201388888889,2.4409722222222223
2020-03-04,20.99722222222222,1010.0513888888888,2.901388888888889
2020-03-05,18.734722222222224,1009.8368055555555,2.910416666666667
2020-03-06,18.900694444444444,1017.0124999999999,2.1555555555555554
2020-03-07,20.998611111111114,1019.3555555555556,3.098611111111111
2020-03-08,21.821527777777778,1017.4381944444444,2.8784722222222223
2020-03-09,21.62847222222222,1016.7854166666667,3.189583333333333
2020-03-10,23.78472222222222,1014.063888888889,2.185416666666667
2020-03-11,28.33888888888889,1013.0847222222224,2.427777777777778
2020-03-12,29.657638888888886,1012.7312499999999,2.7034722222222225
2020-03-13,21.16736111111111,1016.9034722222223,3.6381944444444443
2020-03-14,16.896527777777777,1021.6388888888889,4.59375
2020-03-15,18.655555555555555,1020.7784722222223,2.836111111111111
2020-03-16,21.91111111111111,1019.4131944444445,1.6263888888888889
2020-03-17,27.240277777777777,1018.3597222222221,2.6333333333333333
2020-03-18,29.36111111111111,1017.9395833333333,2.8805555555555555
2020-03-19,27.365972222222222,1017.7444444444445,3.695138888888889
2020-03-20,19.74513888888889,1021.0659722222222,2.176388888888889
2020-03-21,19.370833333333334,1021.4590277777778,2.3006944444444444
2020-03-22,20.15277777777778,1024.4493055555556,3.548611111111111
2020-03-23,20.56875,1023.2506944444444,2.6770833333333335
2020-03-24,17.272916666666667,1020.7402777777778,1.4222222222222223
2020-03-25,18.683333333333334,1022.1805555555555,2.8993055555555554
2020-03-26,18.822916666666668,1022.3256944444444,2.4055555555555554
2020-03-27,19.742361111111112,1018.9923611111111,1.4548611111111112
2020-03-28,22.183333333333334,1013.2152777777778,2.213888888888889
2020-03-29,22.740972222222222,1010.3951388888888,2.615277777777778
2020-03-30,18.25347222222222,1015.7763888888888,1.8868055555555554
2020-03-31,18.70763888888889,1015.2861111111112,2.082638888888889
2020-04-01,20.154861111111114,1011.3680555555555,1.9055555555555554
2020-04-02,20.479166666666668,1008.7062500000001,1.3006944444444446
2020-04-03,20.263194444444444,1003.5541666666666,2.9986111111111113
2020-04-04,16.89513888888889,1012.2590277777776,4.339583333333334
2020-04-05,16.980555555555554,1017.8305555555556,2.4756944444444446
2020-04-06,17.112499999999997,1021.1215277777778,1.3986111111111112
2020-04-07,17.569444444444443,1020.7666666666667,1.7034722222222223
2020-04-08,17.87222222222222,1021.4722222222222,2.178472222222222
2020-04-09,17.395833333333332,1021.8847222222222,2.308333333333333
2020-04-10,18.646527777777777,1016.9583333333334,1.4243055555555555
2020-04-11,17.928472222222222,1017.0458333333333,2.888888888888889
2020-04-12,14.204166666666667,1019.8118055555556,1.7381944444444446
2020-04-13,16.290277777777778,1018.6305555555555,1.3916666666666666
2020-04-14,19.461805555555557,1019.4270833333334,1.6284722222222223
2020-04-15,24.174999999999997,1014.4083333333333,3.3666666666666667
2020-04-16,19.262500000000003,1015.4840277777779,2.6256944444444446
2020-04-17,15.966666666666665,1019.4423611111112,1.7319444444444445
2020-04-18,16.46875,1017.2993055555556,1.2284722222222222
2020-04-19,18.918055555555554,1011.4305555555555,3.2159722222222222
2020-04-20,19.8125,1013.5986111111112,2.790972222222222
2020-04-21,17.645833333333332,1017.1423611111111,1.8958333333333333
2020-04-22,19.104166666666668,1019.1826388888888,1.3888888888888888
2020-04-23,20.07986111111111,1016.2972222222221,3.353472222222222
2020-04-24,18.78611111111111,1019.1631944444445,1.1486111111111112
2020-04-25,20.015277777777776,1014.592361111111,2.3569444444444443
2020-04-26,17.538888888888888,1019.4381944444444,2.2041666666666666
2020-04-27,16.27013888888889,1021.0777777777779,1.4979166666666666
2020-04-28,18.05763888888889,1012.5111111111112,3.0104166666666665
2020-04-29,14.283333333333335,1009.0999999999999,3.0743055555555556
2020-04-30,11.159722222222221,1017.34375,2.4055555555555554
2020-05-01,13.488194444444444,1018.6930555555555,3.5243055555555554
2020-05-02,14.981250000000001,1019.40625,3.3944444444444444
2020-05-03,13.037500000000001,1025.6354166666667,1.4416666666666667
2020-05-04,12.600694444444445,1027.2236111111113,1.1743055555555555
2020-05-05,12.739583333333334,1025.2826388888889,1.6541666666666666
2020-05-06,17.33888888888889,1018.0569444444445,3.728472222222222
2020-05-07,19.563888888888886,1011.9416666666667,4.21875
2020-05-08,16.577777777777776,1013.3333333333334,3.048611111111111
2020-05-09,14.071527777777778,1018.6694444444444,3.3763888888888887
2020-05-10,12.252083333333333,1027.2854166666666,1.3833333333333333
2020-05-11,11.65625,1027.5020833333333,1.323611111111111
2020-05-12,14.07986111111111,1023.1361111111112,2.3680555555555554
2020-05-13,13.459722222222222,1026.1354166666667,2.25
2020-05-14,10.971527777777778,1028.7138888888887,1.8729166666666666
2020-05-15,9.993055555555555,1028.0736111111112,1.2090277777777778
2020-05-16,10.966666666666667,1027.2847222222222,1.2999999999999998
2020-05-17,13.910416666666666,1026.8326388888888,1.4340277777777777
2020-05-18,17.233333333333334,1022.5881944444445,2.142361111111111
2020-05-19,17.538888888888888,1017.3812499999999,3.806944444444445
2020-05-20,12.966666666666667,1019.4124999999999,2.759722222222222
2020-05-21,10.061805555555557,1023.5374999999999,1.9208333333333334
2020-05-22,11.491666666666667,1023.6381944444444,1.5527777777777778
2020-05-23,12.596527777777778,1022.2020833333333,1.9958333333333331
2020-05-24,12.229861111111111,1024.6652777777776,2.1819444444444445
2020-05-25,9.913888888888888,1022.3784722222222,1.6979166666666667
2020-05-26,13.458333333333334,1018.6972222222222,3.192361111111111
2020-05-27,14.654166666666665,1019.2159722222223,2.4916666666666667
2020-05-28,13.283333333333333,1023.0145833333333,1.5590277777777777
2020-05-29,12.727777777777778,1023.3520833333334,1.8562500000000002
2020-05-30,15.283333333333335,1015.6291666666667,4.684722222222223
2020-05-31,13.93611111111111,1014.7256944444445,3.0999999999999996
2020-06-01,12.184027777777779,1019.5930555555556,2.829861111111111
2020-06-02,11.949305555555556,1026.2937499999998,1.5125000000000002
2020-06-03,12.525694444444445,1030.65625,1.8111111111111111
2020-06-04,9.502083333333333,1031.0749999999998,1.1944444444444444
2020-06-05,8.629166666666666,1028.1541666666667,1.2902777777777779
2020-06-06,8.611805555555556,1025.0534722222224,1.2805555555555557
2020-06-07,8.629166666666666,1026.4402777777777,2.361111111111111
2020-06-08,7.9229166666666675,1029.5972222222222,1.2291666666666667
2020-06-09,7.100694444444445,1028.2631944444445,1.0791666666666666
2020-06-10,6.964583333333334,1025.476388888889,0.9444444444444444
2020-06-11,8.068055555555555,1023.0395833333334,1.0270833333333333
2020-06-12,12.081944444444444,1016.6868055555556,2.3187499999999996
2020-06-13,13.893055555555556,1011.1715277777779,3.4520833333333334
2020-06-14,12.564583333333333,1020.2319444444444,3.2055555555555557
2020-06-15,14.33472222222222,1023.4548611111111,2.9361111111111113
2020-06-16,14.197916666666666,1026.6298611111113,1.8159722222222223
2020-06-17,12.022916666666667,1029.9409722222222,1.0722222222222222
2020-06-18,15.38402777777778,1025.3881944444445,3.372916666666667
2020-06-19,14.859027777777776,1018.4173611111112,3.2243055555555555
2020-06-20,12.752083333333333,1017.3541666666666,3.4222222222222225
2020-06-21,12.533333333333333,1015.7430555555555,3.415277777777778
2020-06-22,11.102777777777778,1019.5895833333333,1.8909722222222223
2020-06-23,9.063194444444443,1021.5236111111111,1.2638888888888888
2020-06-24,11.804861111111112,1020.404861111111,1.7805555555555554
2020-06-25,11.840972222222222,1022.657638888889,1.6237762237762237
2020-06-26,10.18611111111111,1025.3111111111111,0.9562499999999999
2020-06-27,9.679861111111112,1026.0375,1.2097222222222221
2020-06-28,8.745833333333334,1026.3520833333334,1.1284722222222223
2020-06-29,9.997222222222222,1021.3923611111111,2.2819444444444446
2020-06-30,11.929861111111112,1015.6187500000001,3.782638888888889
2020-07-01,13.95625,1011.6895833333333,3.8000000000000003
2020-07-02,11.659027777777778,1019.2520833333333,2.367361111111111
2020-07-03,11.658333333333333,1026.554861111111,2.5493055555555557
2020-07-04,11.215972222222222,1031.295138888889,1.4513888888888888
2020-07-05,12.109722222222222,1030.572222222222,1.1368055555555554
2020-07-06,8.708333333333334,1031.3666666666666,1.2993055555555555
2020-07-07,8.199305555555556,1029.1215277777778,1.2131944444444445
2020-07-08,7.439583333333333,1025.2555555555555,1.276388888888889
2020-07-09,8.836111111111112,1022.1590277777777,1.3680555555555556
2020-07-10,11.334722222222222,1019.7145833333333,1.8638888888888887
2020-07-11,9.270833333333334,1017.2097222222224,2.098611111111111
2020-07-12,9.147916666666667,1021.0916666666667,1.7798611111111111
2020-07-13,8.765277777777778,1026.6451388888888,1.3402777777777777
2020-07-14,7.2444444444444445,1026.3312500000002,0.8951388888888889
2020-07-15,8.925,1022.6680555555556,1.804861111111111
2020-07-16,10.133333333333333,1022.78125,1.3645833333333333
2020-07-17,10.443055555555555,1019.2631944444444,1.6388888888888888
2020-07-18,13.724305555555555,1013.8993055555555,3.5152777777777775
2020-07-19,11.535416666666666,1018.8979166666666,2.3152777777777778
2020-07-20,10.167361111111111,1026.7222222222222,1.317361111111111
2020-07-21,9.296527777777778,1029.9250000000002,1.8423611111111111
2020-07-22,7.772916666666666,1028.6159722222224,1.4180555555555554
2020-07-23,7.642361111111111,1024.3215277777776,1.2131944444444445
2020-07-24,11.654166666666667,1018.8583333333333,2.270138888888889
2020-07-25,11.004861111111111,1021.3305555555556,1.49375
2020-07-26,9.286111111111111,1022.6097222222221,1.1131944444444446
2020-07-27,10.481944444444444,1023.0340277777777,1.5354166666666667
2020-07-28,7.272916666666666,1021.7555555555555,1.4520833333333334
2020-07-29,9.308333333333334,1022.3298611111111,1.3729166666666666
2020-07-30,10.163888888888888,1027.2444444444445,1.2493055555555557
2020-07-31,10.86111111111111,1025.054861111111,1.74375
2020-08-01,11.895833333333334,1022.2576388888889,2.122916666666667
2020-08-02,11.597222222222221,1020.5048611111112,1.2888888888888888
2020-08-03,10.510416666666666,1017.7076388888888,1.6701388888888888
2020-08-04,9.290972222222223,1018.2923611111112,2.814583333333333
2020-08-05,10.456944444444444,1017.4180555555556,2.052777777777778
2020-08-06,9.690277777777778,1016.2861111111112,2.323611111111111
2020-08-07,7.648611111111112,1012.1229166666667,2.425
2020-08-08,9.2375,1011.6784722222224,0.8958333333333334
2020-08-09,11.497222222222222,1017.9937500000001,1.6791666666666667
2020-08-10,12.754861111111111,1017.532638888889,2.396527777777778
2020-08-11,13.833333333333334,1008.9583333333334,3.8625000000000003
2020-08-12,14.197222222222223,1007.3902777777779,3.3333333333333335
2020-08-13,14.040277777777778,1010.2326388888889,2.803472222222222
2020-08-14,12.91875,1011.6298611111112,1.9930555555555556
2020-08-15,12.364583333333334,1016.78125,1.5138888888888888
2020-08-16,11.65486111111111,1017.0020833333333,1.0180555555555555
2020-08-17,13.72013888888889,1006.9381944444444,2.9625000000000004
2020-08-18,14.116666666666667,1002.2569444444445,4.166666666666667
2020-08-19,13.327083333333333,1004.0076388888889,4.640277777777778
2020-08-20,12.325,1011.313888888889,3.3131944444444446
2020-08-21,11.381250000000001,1012.8562499999999,3.8333333333333335
2020-08-22,10.075,1019.126388888889,3.16875
2020-08-23,10.236805555555556,1021.657638888889,1.4194444444444445
2020-08-24,10.213888888888889,1024.0472222222222,1.1347222222222222
2020-08-25,10.712499999999999,1028.1243055555556,1.167361111111111
2020-08-26,13.369444444444445,1026.9048611111111,2.004861111111111
2020-08-27,14.240277777777777,1025.8375,2.3270833333333334
2020-08-28,12.618749999999999,1026.867361111111,1.3423611111111111
2020-08-29,18.398611111111112,1020.779861111111,3.796527777777778
2020-08-30,14.480555555555554,1021.342361111111,3.1715277777777775
2020-08-31,9.494444444444445,1025.413888888889,1.7479166666666666
2020-09-01,15.478472222222223,1014.4597222222224,3.5944444444444446
2020-09-02,19.115277777777777,1008.5576388888888,3.1131944444444444
2020-09-03,14.69652777777778,1015.5812500000001,2.3645833333333335
2020-09-04,13.109722222222222,1018.6756944444444,1.5034722222222223
2020-09-05,12.817361111111111,1020.1013888888889,1.1104166666666666
2020-09-06,16.90902777777778,1018.8645833333334,2.620138888888889
2020-09-07,23.702083333333334,1015.0701388888889,4.848611111111111
2020-09-08,17.25625,1022.657638888889,3.051388888888889
2020-09-09,18.268055555555556,1023.3854166666666,2.4027777777777777
2020-09-10,20.836111111111112,1018.6506944444445,2.020138888888889
2020-09-11,25.69861111111111,1018.2854166666667,3.8229166666666665
2020-09-12,19.07986111111111,1019.7548611111112,2.682638888888889
2020-09-13,14.219444444444443,1024.9381944444444,3.0638888888888887
2020-09-14,12.915277777777778,1028.8097222222223,2.7472222222222222
2020-09-15,14.802083333333334,1025.4076388888889,1.5701388888888888
2020-09-16,19.225,1015.7395833333334,2.0854166666666667
2020-09-17,21.821527777777778,1014.1388888888889,3.879166666666667
2020-09-18,24.90138888888889,1013.1486111111111,5.069444444444445
2020-09-19,17.872916666666665,1006.6868055555556,2.8743055555555554
2020-09-20,19.876388888888886,1004.8562499999999,3.857638888888889
2020-09-21,16.683333333333334,1007.9312500000001,4.302777777777778
2020-09-22,15.646527777777777,1014.8840277777776,4.446527777777778
2020-09-23,13.622222222222222,1020.3222222222222,3.053472222222222
2020-09-24,12.42013888888889,1015.4104166666667,3.4527777777777775
2020-09-25,10.375,1014.3118055555556,4.007638888888889
2020-09-26,10.540277777777778,1022.3090277777778,1.8743055555555554
2020-09-27,12.45486111111111,1023.9097222222222,1.5006944444444443
2020-09-28,18.8125,1019.9368055555556,3.25
2020-09-29,16.706249999999997,1014.8305555555556,2.875
2020-09-30,16.106250000000003,1014.029861111111,1.96875
2020-10-01,17.735416666666666,1016.5618055555556,1.7687499999999998
2020-10-02,24.775694444444444,1015.0409722222222,4.052083333333333
2020-10-03,25.15902777777778,1011.1027777777776,3.1312499999999996
2020-10-04,17.233333333333334,1010.2256944444445,3.0055555555555555
2020-10-05,12.468055555555557,1021.6104166666667,3.263888888888889
2020-10-06,13.14236111111111,1021.6104166666667,3.057638888888889
2020-10-07,11.324305555555556,1012.0972222222222,2.8333333333333335
2020-10-08,13.156944444444443,1015.9965277777778,3.45625
2020-10-09,14.967361111111112,1020.3986111111111,1.3680555555555556
2020-10-10,19.418750000000003,1019.9319444444445,3.372916666666667
2020-10-11,19.054166666666667,1019.7923611111112,1.2833333333333334
2020-10-12,22.09097222222222,1019.0986111111112,2.279166666666667
2020-10-13,21.033333333333335,1021.2305555555556,1.4715277777777778
2020-10-14,23.986805555555556,1018.1312499999999,2.004861111111111
2020-10-15,25.57361111111111,1011.0861111111111,2.9006944444444445
2020-10-16,19.2125,1011.0361111111112,1.65
2020-10-17,15.445833333333333,1014.3729166666667,2.816666666666667
2020-10-18,14.128472222222221,1018.7750000000001,3.1694444444444443
2020-10-19,15.69652777777778,1017.7354166666667,2.1375
2020-10-20,19.86111111111111,1014.1430555555556,1.882638888888889
2020-10-21,21.42013888888889,1012.0333333333333,1.8333333333333333
2020-10-22,23.381944444444443,1007.0687499999999,2.772222222222222
2020-10-23,17.80972222222222,1003.2520833333333,3.167361111111111
2020-10-24,14.204166666666667,1013.8506944444445,3.951388888888889
2020-10-25,12.974305555555555,1020.7861111111112,3.152083333333333
2020-10-26,13.093055555555557,1019.4013888888888,2.0902777777777777
2020-10-27,15.711111111111112,1017.2395833333334,2.695138888888889
2020-10-28,17.146527777777777,1016.7381944444444,1.8458333333333334
2020-10-29,18.09097222222222,1010.4173611111112,3.945138888888889
2020-10-30,15.124305555555557,1013.1875,4.726388888888889
2020-10-31,15.95138888888889,1016.3430555555556,2.638888888888889
2020-11-01,19.580555555555556,1018.6854166666667,1.9076388888888889
2020-11-02,26.72152777777778,1018.6854166666667,2.5625
2020-11-03,29.32222222222222,1014.6701388888889,3.5673611111111114
2020-11-04,17.744444444444444,1019.4555555555556,3.6687499999999997
2020-11-05,14.075694444444444,1024.2479166666667,3.16875
2020-11-06,14.386805555555554,1023.1333333333334,3.347916666666667
2020-11-07,16.72222222222222,1022.7277777777776,2.661111111111111
2020-11-08,22.391666666666666,1018.9590277777778,2.0625
2020-11-09,28.658333333333335,1013.1333333333334,2.5541666666666667
2020-11-10,31.57013888888889,1005.4104166666667,5.320138888888889
2020-11-11,22.27013888888889,1007.7874999999999,3.1666666666666665
2020-11-12,19.43125,1009.3187499999999,3.5250000000000004
2020-11-13,17.761805555555554,1009.3388888888888,2.709722222222222
2020-11-14,24.007638888888888,1006.7305555555556,2.707638888888889
2020-11-15,29.001388888888886,1002.9694444444444,5.234027777777778
2020-11-16,19.064583333333335,1019.1465277777778,3.3125
2020-11-17,19.334722222222222,1020.5506944444444,1.848611111111111
2020-11-18,26.038194444444443,1015.2729166666666,2.20625
2020-11-19,27.541666666666668,1013.1569444444444,3.3722222222222222
2020-11-20,21.734027777777776,1015.5888888888888,2.838888888888889
2020-11-21,28.328472222222224,1011.3576388888889,2.3006944444444444
2020-11-22,28.534027777777776,1009.9694444444444,2.8243055555555556
2020-11-23,18.9375,1015.8951388888888,3.5812500000000003
2020-11-24,19.436111111111114,1014.6729166666667,2.6020833333333333
2020-11-25,26.46388888888889,1009.2236111111112,2.1805555555555554
2020-11-26,27.11388888888889,1009.8166666666667,2.3187499999999996
2020-11-27,32.19583333333333,1006.7583333333334,2.5180555555555557
2020-11-28,26.76388888888889,1002.8854166666666,3.691666666666667
2020-11-29,19.304166666666667,1011.938888888889,4.195833333333334
2020-11-30,25.78472222222222,1006.3430555555556,2.634722222222222
2020-12-01,20.59097222222222,1014.2687500000001,4.012499999999999
2020-12-02,17.331249999999997,1022.1374999999999,3.097916666666667
2020-12-03,21.969444444444445,1017.8618055555556,1.927777777777778
2020-12-04,25.835416666666667,1010.9541666666667,1.9722222222222223
2020-12-05,23.00486111111111,1004.3534722222222,4.298611111111111
2020-12-06,18.572916666666668,1010.7673611111111,4.0256944444444445
2020-12-07,16.856250000000003,1015.0583333333333,4.743055555555555
2020-12-08,16.424305555555556,1020.188888888889,2.404166666666667
2020-12-09,22.203472222222224,1016.8534722222222,2.0659722222222223
2020-12-10,23.289583333333333,1018.9881944444444,3.582638888888889
2020-12-11,24.657638888888886,1018.5069444444445,3.770138888888889
2020-12-12,30.194444444444443,1012.3104166666667,4.112500000000001
2020-12-13,28.022916666666667,1009.7930555555556,3.2333333333333334
2020-12-14,31.444444444444443,1007.9916666666666,3.6812500000000004
2020-12-15,23.850694444444443,1011.1430555555556,3.2583333333333333
2020-12-16,20.939583333333335,1010.2583333333334,3.057638888888889
2020-12-17,18.381944444444443,1011.1819444444445,3.556944444444445
2020-12-18,17.544444444444444,1015.498611111111,3.2430555555555554
2020-12-19,20.425694444444446,1015.2194444444444,3.0319444444444446
2020-12-20,23.768055555555556,1010.0194444444444,2.3784722222222223
2020-12-21,18.529861111111114,1008.5201388888888,3.3694444444444445
2020-12-22,17.07986111111111,1014.8479166666667,3.0541666666666667
2020-12-23,18.88611111111111,1018.6125000000001,2.8687500000000004
2020-12-24,20.904166666666665,1017.7458333333333,3.115972222222222
2020-12-25,23.856250000000003,1015.2444444444445,2.3187499999999996
2020-12-26,27.99375,1009.8506944444445,1.9777777777777779
2020-12-27,24.145833333333332,1006.8874999999999,4.622222222222223
2020-12-28,16.80763888888889,1014.6451388888888,4.418055555555556
2020-12-29,18.765277777777776,1016.3659722222224,3.5618055555555554
2020-12-30,21.908333333333335,1015.1125000000001,3.650694444444445
2020-12-31,24.800694444444446,1013.8194444444445,3.9270833333333335
2021-01-01,25.797916666666666,1010.6437500000001,3.2083333333333335
2021-01-02,21.88888888888889,1009.4256944444444,3.972916666666667
2021-01-03,20.666666666666668,1009.0708333333334,2.73125
2021-01-04,21.481944444444444,1009.8958333333334,3.9124999999999996
2021-01-05,19.37777777777778,1015.6125000000001,3.970138888888889
2021-01-06,18.94861111111111,1019.6701388888889,3.7979166666666666
2021-01-07,20.529861111111114,1019.2548611111112,4.113888888888889
2021-01-08,24.907638888888886,1017.7631944444444,3.490972222222222
2021-01-09,27.93472222222222,1015.2548611111112,2.867361111111111
2021-01-10,29.897222222222222,1012.3944444444444,1.8729166666666666
2021-01-11,28.477083333333333,1009.4465277777776,3.738888888888889
2021-01-12,22.727083333333333,1012.9027777777778,3.48125
2021-01-13,22.390277777777776,1012.4159722222222,2.4048611111111113
2021-01-14,19.413194444444443,1015.9756944444445,3.7006944444444443
2021-01-15,17.83888888888889,1016.90625,3.9284722222222226
2021-01-16,17.849305555555556,1018.7666666666667,3.5006944444444446
2021-01-17,19.220138888888886,1019.6291666666667,3.9166666666666665
2021-01-18,19.709722222222222,1019.2972222222221,3.5395833333333333
2021-01-19,21.83263888888889,1018.7909722222222,3.0833333333333335
2021-01-20,26.602083333333333,1015.2784722222223,2.103472222222222
2021-01-21,28.863888888888887,1009.8347222222224,2.4722222222222223
2021-01-22,27.56527777777778,1008.6583333333333,2.8131944444444446
2021-01-23,31.331249999999997,1006.3284722222221,2.075
2021-01-24,35.705555555555556,1002.4909722222224,3.0145833333333334
2021-01-25,28.334722222222222,999.1416666666667,3.0631944444444446
2021-01-26,21.443055555555556,1005.2729166666666,2.9805555555555556
2021-01-27,23.245833333333334,1008.7868055555555,2.182638888888889
2021-01-28,25.76111111111111,1008.0840277777778,2.3097222222222222
2021-01-29,23.838194444444444,1008.9013888888888,3.2354166666666666
2021-01-30,21.64236111111111,1013.0881944444445,3.9375
2021-01-31,23.138194444444444,1012.6527777777778,3.098611111111111
2021-02-01,22.189583333333335,1013.1284722222222,3.9916666666666663
2021-02-02,20.257638888888888,1015.625,3.7979166666666666
2021-02-03,23.468055555555555,1009.0736111111112,2.2465277777777777
2021-02-04,21.416666666666668,1000.6034722222222,2.1805555555555554
2021-02-05,19.291666666666668,1000.5687499999999,5.169444444444444
2021-02-06,20.443055555555556,1007.2652777777779,4.182638888888889
2021-02-07,21.124305555555555,1012.03125,3.4243055555555557
2021-02-08,23.200000000000003,1011.6201388888888,2.9409722222222223
2021-02-09,27.757638888888888,1009.6187500000001,2.2680555555555557
2021-02-10,30.75347222222222,1006.7298611111112,1.8506944444444444
2021-02-11,28.98263888888889,1003.0041666666667,3.941666666666667
2021-02-12,20.047916666666666,1009.21875,3.2895833333333333
2021-02-13,19.930555555555557,1014.7118055555555,3.2027777777777775
2021-02-14,20.736805555555556,1016.063888888889,3.0520833333333335
2021-02-15,24.556944444444444,1014.9013888888888,3.0319444444444446
2021-02-16,29.564583333333335,1013.2493055555556,2.0
2021-02-17,32.75069444444445,1012.6062499999999,2.1805555555555554
2021-02-18,33.25138888888889,1011.3194444444445,3.3666666666666667
2021-02-19,30.36736111111111,1009.4236111111111,2.740972222222222
2021-02-20,23.60763888888889,1011.0701388888889,2.854861111111111
2021-02-21,20.868055555555557,1012.3347222222224,3.7472222222222222
2021-02-22,20.106250000000003,1015.8430555555556,3.8687500000000004
2021-02-23,18.563888888888886,1019.1791666666666,3.5625
2021-02-24,18.145833333333332,1016.779861111111,3.1493055555555554
2021-02-25,17.634722222222223,1014.6312499999999,3.6437500000000003
2021-02-26,19.998611111111114,1011.9770833333334,2.45625
2021-02-27,22.29513888888889,1010.0104166666666,2.322222222222222
2021-02-28,23.375,1010.3173611111112,2.814583333333333
2021-03-01,23.956249999999997,1012.1916666666667,3.966666666666667
2021-03-02,24.647916666666667,1013.8291666666667,2.832638888888889
2021-03-03,24.42638888888889,1015.5472222222221,2.707638888888889
2021-03-04,21.327083333333334,1015.9743055555555,2.738888888888889
2021-03-05,21.040277777777778,1013.2263888888889,2.3819444444444446
2021-03-06,24.243055555555557,1009.4354166666667,1.7715277777777778
2021-03-07,24.334722222222222,1007.4562500000001,1.8951388888888887
2021-03-08,22.445833333333333,1010.2986111111111,3.2437500000000004
2021-03-09,22.915277777777778,1013.9708333333333,3.3604166666666666
2021-03-10,21.436111111111114,1015.125,2.273611111111111
2021-03-11,21.235416666666666,1014.6895833333333,1.5298611111111111
2021-03-12,25.475,1011.5909722222223,1.5979166666666667
2021-03-13,20.12152777777778,1015.3972222222224,3.5250000000000004
2021-03-14,15.711111111111112,1023.4493055555556,3.0166666666666666
2021-03-15,16.975,1024.4256944444444,2.9243055555555557
2021-03-16,19.890972222222224,1021.1090277777779,2.5833333333333335
2021-03-17,22.822222222222223,1018.1277777777777,2.4722222222222223
2021-03-18,23.750694444444445,1018.7708333333334,2.2625
2021-03-19,25.234722222222224,1018.7888888888889,3.7354166666666666
2021-03-20,26.117361111111112,1016.9124999999999,2.8055555555555554
2021-03-21,26.0,1014.2965277777779,1.9777777777777779
2021-03-22,24.79861111111111,1010.7090277777778,2.4215277777777775
2021-03-23,21.53472222222222,1008.1770833333334,2.3618055555555557
2021-03-24,19.720138888888886,1009.4916666666666,2.1500000000000004
2021-03-25,18.194444444444443,1012.5652777777777,1.5520833333333333
2021-03-26,18.915277777777778,1011.4527777777779,2.629166666666667
2021-03-27,18.325000000000003,1015.3444444444444,1.8138888888888889
2021-03-28,17.952083333333334,1019.8951388888888,2.2874999999999996
2021-03-29,19.910416666666666,1022.7152777777778,1.8680555555555556
2021-03-30,21.077083333333334,1023.3847222222222,1.7381944444444446
2021-03-31,23.415972222222223,1021.3888888888889,1.5833333333333333
2021-04-01,24.30625,1020.4236111111111,1.7506944444444443
2021-04-02,24.263194444444444,1020.2923611111112,1.5270833333333333
2021-04-03,26.252083333333335,1018.0569444444445,1.9631944444444445
2021-04-04,24.274305555555557,1017.1645833333334,2.3583333333333334
2021-04-05,22.599305555555556,1018.4937500000001,2.738888888888889
2021-04-06,20.678472222222222,1018.4909722222224,1.6993055555555554
2021-04-07,20.415277777777778,1015.46875,1.3520833333333333
2021-04-08,22.522916666666667,1009.3562499999999,2.4569444444444444
2021-04-09,18.742361111111112,1012.0520833333334,2.3979166666666667
2021-04-10,17.258333333333333,1016.6312499999999,3.1958333333333333
2021-04-11,15.575694444444444,1022.5972222222222,2.8055555555555554
2021-04-12,15.981944444444444,1020.6270833333333,1.97972027972028
2021-04-13,21.021527777777777,1011.6500000000001,5.022222222222222
2021-04-14,18.37777777777778,1017.4312500000001,2.834722222222222
2021-04-15,16.920833333333334,1020.3743055555556,1.6805555555555556
2021-04-16,15.79861111111111,1023.8708333333333,1.9819444444444443
2021-04-17,15.130555555555556,1026.90625,2.466666666666667
2021-04-18,14.894444444444446,1024.461111111111,1.5229166666666667
2021-04-19,15.686111111111112,1017.7618055555556,1.5034722222222223
2021-04-20,16.174999999999997,1016.3645833333334,2.504861111111111
2021-04-21,13.359722222222222,1018.5659722222222,1.2687499999999998
2021-04-22,15.698611111111111,1018.6993055555556,1.8618055555555557
2021-04-23,15.766666666666667,1021.8708333333333,1.379861111111111
2021-04-24,14.786805555555556,1025.0638888888889,1.9402777777777775
2021-04-25,15.770833333333334,1026.3402777777778,1.7430555555555556
2021-04-26,16.852083333333333,1025.9541666666667,1.6722222222222223
2021-04-27,17.005555555555556,1025.3597222222222,1.5923611111111111
2021-04-28,15.756250000000001,1023.6687499999999,1.5798611111111112
2021-04-29,16.90972222222222,1021.9840277777779,1.5222222222222221
2021-04-30,18.935416666666665,1020.717361111111,1.9076388888888889
2021-05-01,23.179861111111112,1018.4291666666666,3.220833333333333
2021-05-02,16.99513888888889,1020.6159722222224,1.5145833333333334
2021-05-03,14.986805555555556,1022.1555555555556,2.2750000000000004
2021-05-04,13.145138888888889,1024.5923611111111,2.959722222222222
2021-05-05,12.811805555555557,1022.7840277777777,1.5923611111111111
2021-05-06,17.01388888888889,1017.3131944444444,2.0305555555555554
2021-05-07,19.75625,1013.5770833333333,2.7895833333333333
2021-05-08,17.9375,1015.2680555555556,2.388888888888889
2021-05-09,15.211805555555555,1018.095138888889,1.2659722222222223
2021-05-10,15.550694444444446,1017.4555555555556,3.4506944444444443
2021-05-11,13.604166666666666,1023.595138888889,2.4402777777777778
2021-05-12,10.389583333333333,1021.8576388888889,1.542361111111111
2021-05-13,13.897222222222222,1018.9381944444444,2.8812499999999996
2021-05-14,13.96875,1022.0979166666667,2.1118055555555557
2021-05-15,13.797222222222222,1025.2569444444443,2.0680555555555555
2021-05-16,13.533333333333333,1027.009722222222,1.2458333333333333
2021-05-17,12.129166666666666,1028.2520833333333,1.2444444444444445
2021-05-18,11.664583333333333,1026.8215277777776,1.625
2021-05-19,13.825,1024.275,2.45625
2021-05-20,16.811111111111114,1025.6069444444445,1.3743055555555557
2021-05-21,17.333333333333332,1025.4583333333333,1.3666666666666667
2021-05-22,16.50625,1021.7312499999999,1.3819444444444444
2021-05-23,18.779861111111114,1019.6430555555556,2.3819444444444446
2021-05-24,21.852083333333333,1014.4034722222223,4.9944444444444445
2021-05-25,16.263194444444444,1014.3256944444444,4.259027777777778
2021-05-26,12.263194444444444,1025.5875,1.8715277777777777
2021-05-27,12.461111111111112,1031.6194444444445,1.254861111111111
2021-05-28,13.346527777777778,1032.0743055555556,1.6354166666666667
2021-05-29,11.341666666666667,1029.1604166666666,1.1083333333333334
2021-05-30,10.223611111111111,1024.4888888888888,1.8277777777777777
2021-05-31,12.902777777777779,1018.811111111111,1.9395833333333334
2021-06-01,17.231944444444444,1014.2930555555556,2.070138888888889
2021-06-02,17.41736111111111,1012.0979166666667,2.2555555555555555
2021-06-03,15.127777777777778,1017.6173611111111,1.882638888888889
2021-06-04,13.989583333333334,1022.1645833333334,1.6631944444444444
2021-06-05,13.447916666666666,1023.6347222222222,1.6131944444444446
2021-06-06,14.847222222222221,1021.8874999999999,2.6104166666666666
2021-06-07,15.842361111111112,1012.5166666666667,5.470138888888889
2021-06-08,9.320138888888888,1012.4958333333333,3.185416666666667
2021-06-09,7.942361111111111,1022.2006944444444,1.65
2021-06-10,11.252083333333333,1018.8590277777779,2.178472222222222
2021-06-11,12.773611111111112,1016.9861111111111,0.8236111111111111
2021-06-12,12.276388888888889,1016.7506944444444,1.7555555555555555
2021-06-13,14.858333333333333,1013.9208333333333,1.6055555555555554
2021-06-14,15.359027777777776,1010.2333333333333,2.2444444444444445
2021-06-15,13.852083333333333,1008.904861111111,3.339583333333333
2021-06-16,12.0125,1010.5604166666667,3.8291666666666666
2021-06-17,11.869444444444445,1014.9194444444444,2.802777777777778
2021-06-18,11.936805555555557,1021.0506944444444,2.832638888888889
2021-06-19,11.646527777777777,1026.5791666666667,1.6520833333333333
2021-06-20,11.994444444444445,1024.9229166666667,1.2395833333333333
2021-06-21,11.809027777777779,1022.3493055555555,1.9048611111111111
2021-06-22,15.045833333333333,1017.0583333333333,3.5770833333333334
2021-06-23,13.534027777777778,1011.1326388888889,5.168055555555556
2021-06-24,12.893055555555556,1009.2638888888889,4.588888888888889
2021-06-25,11.765277777777778,1018.1270833333333,2.5854166666666667
2021-06-26,11.793055555555556,1025.5069444444443,1.6548611111111111
2021-06-27,12.241666666666667,1028.6243055555556,1.6423611111111112
2021-06-28,11.06388888888889,1026.611111111111,1.8277777777777777
2021-06-29,12.662500000000001,1023.8284722222221,2.125
2021-06-30,11.3,1020.6374999999999,1.6159722222222221
2021-07-01,10.974305555555555,1020.3583333333333,1.2673611111111112
2021-07-02,10.57986111111111,1018.0944444444444,3.104861111111111
2021-07-03,9.656944444444443,1021.8631944444444,1.9243055555555557
2021-07-04,10.12638888888889,1024.3715277777778,1.8479166666666669
2021-07-05,9.330555555555556,1023.5520833333334,1.0368055555555555
2021-07-06,10.230555555555556,1020.7951388888889,2.0854166666666667
2021-07-07,10.697222222222223,1020.1361111111112,2.195138888888889
2021-07-08,11.726388888888888,1015.5527777777778,1.9513888888888888
2021-07-09,10.952777777777778,1017.3743055555556,1.6590277777777778
2021-07-10,10.41875,1021.7604166666666,1.3416666666666666
2021-07-11,14.83472222222222,1017.2805555555556,4.066666666666666
2021-07-12,12.559027777777779,1016.9194444444444,2.060416666666667
2021-07-13,13.64375,1010.8000000000001,3.748611111111111
2021-07-14,15.130555555555556,1003.1986111111112,4.847916666666666
2021-07-15,14.397916666666667,1000.8506944444445,4.313194444444445
2021-07-16,12.78125,1001.5798611111111,5.2756944444444445
2021-07-17,11.497916666666667,1012.4395833333333,3.9284722222222226
2021-07-18,9.179861111111112,1019.1645833333334,1.3624999999999998
2021-07-19,11.56111111111111,1018.0791666666667,3.2625
2021-07-20,11.410416666666666,1019.3743055555556,3.0194444444444444
2021-07-21,8.036111111111111,1021.8201388888889,1.4715277777777778
2021-07-22,9.82986111111111,1004.3666666666666,4.012499999999999
2021-07-23,10.739583333333334,1005.6854166666667,1.520138888888889
2021-07-24,11.633333333333333,1006.8458333333333,4.977777777777778
2021-07-25,12.909722222222221,1014.8590277777779,3.2895833333333333
2021-07-26,13.84375,1014.5145833333333,3.720833333333333
2021-07-27,16.36388888888889,1003.3680555555555,5.7131944444444445
2021-07-28,13.577083333333333,1009.0395833333334,2.59375
2021-07-29,11.018055555555556,1014.5854166666666,2.4208333333333334
2021-07-30,17.01388888888889,1006.5659722222222,3.1041666666666665
2021-07-31,14.197916666666666,1005.7569444444445,2.5875000000000004
2021-08-01,11.8,1012.904861111111,1.8694444444444445
2021-08-02,12.086805555555555,1010.5763888888889,3.4527777777777775
2021-08-03,10.756250000000001,1020.0069444444445,3.0326388888888887
2021-08-04,11.359722222222222,1026.197222222222,1.8187499999999999
2021-08-05,12.665277777777778,1027.9666666666667,1.5472222222222223
2021-08-06,13.116666666666667,1028.5131944444445,1.4527777777777777
2021-08-07,12.311805555555557,1029.7861111111113,1.0868055555555556
2021-08-08,12.089583333333334,1027.4083333333333,1.942361111111111
2021-08-09,14.656944444444443,1021.8784722222222,3.0284722222222222
2021-08-10,17.05763888888889,1015.1270833333333,4.25625
2021-08-11,14.67394366197183,1017.6408450704225,2.672142857142857
2021-08-12,11.404166666666667,1029.2493055555556,1.7409722222222221
2021-08-13,11.114583333333334,1029.0659722222222,1.2493055555555557
2021-08-14,11.206944444444444,1026.517361111111,1.2659722222222223
2021-08-15,10.851388888888888,1027.1340277777776,1.5951388888888889
2021-08-16,10.81388888888889,1030.2145833333334,1.5083333333333333
2021-08-17,9.854861111111111,1028.1604166666666,1.6458333333333333
2021-08-18,10.524999999999999,1022.5618055555556,1.3527777777777779
2021-08-19,14.586805555555555,1017.3361111111111,2.966666666666667
2021-08-20,16.65902777777778,1014.5993055555555,3.4006944444444445
2021-08-21,13.640972222222222,1016.5749999999999,1.4784722222222222
2021-08-22,15.554861111111112,1011.4680555555556,3.0493055555555557
2021-08-23,10.568055555555555,1018.5972222222222,3.286111111111111
2021-08-24,8.655555555555557,1027.0708333333334,1.851388888888889
2021-08-25,9.526388888888889,1025.6784722222224,1.5951388888888889
2021-08-26,9.382638888888888,1021.1715277777779,1.9743055555555555
2021-08-27,12.40625,1014.9916666666666,2.7465277777777777
2021-08-28,13.285416666666666,1011.7784722222223,2.761111111111111
2021-08-29,11.803472222222222,1014.2729166666666,2.0965277777777778
2021-08-30,15.59375,1013.7861111111112,2.8687500000000004
2021-08-31,18.718055555555555,1014.4527777777779,3.748611111111111
2021-09-01,19.106250000000003,1017.4805555555556,2.7506944444444446
2021-09-02,25.250694444444445,1009.7763888888888,5.175694444444444
2021-09-03,14.355555555555554,1016.3166666666667,1.9222222222222223
2021-09-04,10.790972222222223,1023.5652777777777,2.8270833333333334
2021-09-05,10.040277777777778,1029.9743055555555,2.1006944444444446
2021-09-06,11.43611111111111,1033.6361111111112,1.7520833333333334
2021-09-07,12.730555555555556,1033.4944444444445,2.05
2021-09-08,15.443055555555556,1028.9673611111111,2.3375000000000004
2021-09-09,19.043055555555554,1023.8777777777777,3.4347222222222222
2021-09-10,20.154166666666665,1018.2416666666666,3.5555555555555554
2021-09-11,19.137500000000003,1011.2590277777776,3.1479166666666667
2021-09-12,11.775694444444445,1015.3472222222222,3.697222222222222
2021-09-13,10.249305555555557,1023.907638888889,2.027083333333333
2021-09-14,13.073611111111111,1024.8083333333334,2.1493055555555554
2021-09-15,15.384722222222223,1021.7256944444445,1.6243055555555557
2021-09-16,21.364583333333332,1014.407638888889,3.0006944444444446
2021-09-17,20.949305555555554,1009.4715277777777,3.8041666666666663
2021-09-18,13.79375,1020.8583333333333,2.1979166666666665
2021-09-19,15.733333333333333,1020.4590277777778,2.486111111111111
2021-09-20,12.556944444444445,1024.5597222222223,4.145833333333333
2021-09-21,10.546527777777778,1032.2534722222222,2.692361111111111
2021-09-22,13.313194444444443,1029.3423611111111,1.8916666666666666
2021-09-23,14.890277777777776,1020.8284722222221,1.5895833333333333
2021-09-24,13.690277777777778,1017.0465277777779,2.4895833333333335
2021-09-25,12.408333333333333,1022.0534722222224,2.5562500000000004
2021-09-26,15.905555555555557,1020.4631944444445,2.129166666666667
2021-09-27,21.25277777777778,1012.6826388888888,2.683333333333333
2021-09-28,22.99513888888889,1006.5430555555556,3.786805555555555
2021-09-29,17.10486111111111,1009.4708333333333,1.7416666666666667
2021-09-30,15.49513888888889,1010.6055555555556,3.033333333333333
2021-10-01,14.699305555555554,1012.3229166666666,2.696527777777778
2021-10-02,18.774305555555557,1006.095138888889,2.177777777777778
2021-10-03,18.083333333333332,1004.1527777777778,3.4458333333333333
2021-10-04,15.746527777777779,1010.4930555555555,4.563888888888889
2021-10-05,14.570138888888888,1015.0020833333333,1.5659722222222223
2021-10-06,17.831249999999997,1009.71875,3.5305555555555554
2021-10-07,12.834722222222222,1016.8645833333334,2.709027777777778
2021-10-08,16.49652777777778,1013.7638888888889,1.9083333333333334
2021-10-09,16.039583333333333,1012.3201388888889,2.6576388888888887
2021-10-10,12.547916666666667,1016.4138888888889,3.310416666666667
2021-10-11,11.977777777777778,1017.6791666666666,2.5590277777777777
2021-10-12,17.411805555555556,1009.3972222222224,3.263888888888889
2021-10-13,14.94652777777778,1007.0055555555555,3.9868055555555557
2021-10-14,13.459027777777777,1002.9305555555555,4.211111111111111
2021-10-15,14.695138888888888,1011.7208333333333,4.511805555555556
2021-10-16,14.610416666666667,1015.7874999999999,1.8624999999999998
2021-10-17,18.893749999999997,1011.0930555555556,2.4000000000000004
2021-10-18,19.570138888888888,1013.3291666666667,2.5611111111111113
2021-10-19,22.446527777777778,1017.0118055555556,2.548611111111111
2021-10-20,23.043055555555554,1010.3888888888889,3.4881944444444444
2021-10-21,19.87986111111111,1012.0124999999999,2.052777777777778
2021-10-22,18.654861111111114,1014.0652777777777,2.557638888888889
2021-10-23,15.471527777777778,1021.2097222222224,3.7416666666666663
2021-10-24,15.10763888888889,1022.7659722222221,3.232638888888889
2021-10-25,18.154166666666665,1018.5180555555556,2.1645833333333333
2021-10-26,24.929166666666667,1012.6270833333333,3.0770833333333334
2021-10-27,23.990277777777777,1007.470138888889,3.1805555555555554
2021-10-28,20.742361111111112,1002.6520833333333,4.050000000000001
2021-10-29,15.652083333333334,1014.4937500000001,4.032638888888889
2021-10-30,13.794444444444444,1023.6152777777778,2.790277777777778
2021-10-31,18.65138888888889,1021.8986111111111,2.002083333333333
2021-11-01,21.793750000000003,1017.8548611111112,2.0229166666666667
2021-11-02,26.18402777777778,1011.4916666666666,3.4847222222222225
2021-11-03,18.804861111111112,1017.0256944444445,3.420138888888889
2021-11-04,18.19097222222222,1021.1395833333333,3.334027777777778
2021-11-05,23.625694444444445,1012.1756944444444,1.7055555555555555
2021-11-06,23.00277777777778,1006.4590277777778,3.2222222222222223
2021-11-07,17.76736111111111,1009.8597222222221,2.822222222222222
2021-11-08,16.008333333333333,1011.9909722222224,2.4819444444444443
2021-11-09,16.35486111111111,1010.5069444444445,2.5284722222222222
2021-11-10,16.492361111111112,1008.3486111111112,4.066666666666666
2021-11-11,10.586805555555555,1002.8027777777778,4.452083333333333
2021-11-12,14.147222222222222,1008.3590277777779,4.103472222222222
2021-11-13,13.865277777777777,1013.5986111111112,2.0493055555555557
2021-11-14,14.46388888888889,1015.3937500000001,4.238194444444444
2021-11-15,14.731250000000001,1017.8645833333334,3.286111111111111
2021-11-16,15.694444444444445,1019.5076388888889,2.1416666666666666
2021-11-17,22.683333333333334,1015.9493055555556,2.5250000000000004
2021-11-18,24.708333333333332,1010.4326388888888,4.260416666666667
2021-11-19,17.762500000000003,1011.4270833333334,1.7555555555555555
2021-11-20,14.913194444444445,1013.626388888889,3.1645833333333333
2021-11-21,16.058333333333334,1018.7562499999999,3.6354166666666665
2021-11-22,20.772916666666667,1015.2333333333333,2.070138888888889
2021-11-23,23.7125,1008.59375,2.3229166666666665
2021-11-24,21.69097222222222,1008.5534722222224,1.6604166666666667
2021-11-25,20.056944444444444,1010.8249999999999,4.323611111111111
2021-11-26,16.531944444444445,1016.9208333333333,3.625
2021-11-27,18.68472222222222,1018.3034722222224,3.6812500000000004
2021-11-28,21.168750000000003,1017.563888888889,2.948611111111111
2021-11-29,23.96597222222222,1013.5055555555555,2.0055555555555555
2021-11-30,27.013194444444444,1009.1118055555556,1.947222222222222
2021-12-01,22.992361111111112,1009.8847222222222,2.3631944444444444
2021-12-02,19.689583333333335,1014.7326388888889,3.5791666666666666
2021-12-03,18.634722222222223,1018.7986111111111,3.613194444444444
2021-12-04,18.200694444444444,1020.0423611111112,3.6902777777777778
2021-12-05,20.793055555555554,1015.4159722222222,2.5006944444444446
2021-12-06,21.217361111111114,1011.5805555555556,2.7368055555555557
2021-12-07,17.43263888888889,1015.7326388888889,3.6645833333333337
2021-12-08,16.225694444444443,1019.6131944444444,4.257638888888889
2021-12-09,15.968055555555557,1019.53125,3.711111111111111
2021-12-10,18.11875,1016.9083333333333,3.213888888888889
2021-12-11,22.775,1013.2263888888889,2.045138888888889
2021-12-12,29.35138888888889,1009.2270833333334,2.607638888888889
2021-12-13,19.739583333333332,1011.8215277777776,2.726388888888889
2021-12-14,22.627083333333335,1010.8097222222223,2.1368055555555556
2021-12-15,22.480555555555554,1012.7395833333334,3.145138888888889
2021-12-16,25.170833333333334,1012.6069444444444,2.4770833333333333
2021-12-17,31.918055555555554,1005.5263888888888,3.703472222222222
2021-12-18,26.456249999999997,1006.6020833333334,3.4569444444444444
2021-12-19,21.119444444444444,1010.6368055555556,3.933333333333333
2021-12-20,19.24652777777778,1017.0631944444444,2.5159722222222225
2021-12-21,22.459027777777777,1013.6673611111112,3.0805555555555557
2021-12-22,22.23263888888889,1011.5263888888888,3.7777777777777777
2021-12-23,23.374305555555555,1010.8243055555556,3.0615384615384618
2021-12-24,22.507638888888888,1011.7125000000001,2.7916666666666665
2021-12-25,21.54513888888889,1014.7743055555555,3.956944444444444
2021-12-26,20.493055555555557,1016.9326388888888,4.721527777777777
2021-12-27,20.393055555555556,1016.8576388888889,4.670138888888889
2021-12-28,22.226388888888888,1013.6944444444445,4.040277777777778
2021-12-29,26.313888888888886,1010.9618055555555,3.386111111111111
2021-12-30,31.595833333333335,1009.0083333333334,2.5631944444444446
2021-12-31,31.206944444444446,1006.1805555555555,2.5694444444444446
2022-01-01,28.106250000000003,1006.1902777777777,2.070138888888889
2022-01-02,27.09861111111111,1007.7166666666667,3.0770833333333334
2022-01-03,21.419444444444444,1011.8347222222224,3.4916666666666667
2022-01-04,19.616666666666667,1012.6645833333334,4.1625
2022-01-05,19.25,1012.4256944444444,3.9368055555555554
2022-01-06,19.828472222222224,1010.4034722222223,4.136111111111111
2022-01-07,19.818055555555556,1013.3937500000001,3.953472222222222
2022-01-08,20.8125,1013.8881944444444,3.1875
2022-01-09,25.56527777777778,1011.001388888889,2.1083333333333334
2022-01-10,32.954861111111114,1010.2006944444444,3.3604166666666666
2022-01-11,29.545833333333334,1012.0430555555556,2.6402777777777775
2022-01-12,24.804166666666667,1012.811111111111,2.728472222222222
2022-01-13,22.768749999999997,1009.7222222222222,2.5520833333333335
2022-01-14,22.018055555555556,1005.8375000000001,2.211111111111111
2022-01-15,24.859722222222224,1004.6798611111111,3.307638888888889
2022-01-16,24.053472222222222,1006.2604166666666,3.0694444444444446
2022-01-17,22.384027777777778,1011.0534722222224,3.3381944444444445
2022-01-18,22.516666666666666,1012.7631944444444,4.122222222222223
2022-01-19,25.362499999999997,1013.811111111111,4.072222222222222
2022-01-20,29.858333333333334,1014.5722222222222,3.9722222222222223
2022-01-21,30.02638888888889,1013.345138888889,3.9965277777777777
2022-01-22,23.23611111111111,1011.125,2.41875
2022-01-23,25.805555555555557,1006.9041666666667,3.4222222222222225
2022-01-24,26.681944444444444,1003.0305555555556,2.229861111111111
2022-01-25,26.708333333333332,1003.6069444444444,2.134722222222222
2022-01-26,29.29930555555556,1003.1388888888889,2.0159722222222225
2022-01-27,29.345138888888886,1003.3680555555555,2.589583333333333
2022-01-28,24.36875,1010.0409722222222,3.8756944444444446
2022-01-29,25.728472222222223,1012.2861111111112,4.165972222222222
2022-01-30,28.649305555555557,1008.7506944444444,3.352777777777778
2022-01-31,30.130555555555556,1003.5993055555555,2.3152777777777778
2022-02-01,22.580555555555556,1006.8090277777778,4.479861111111111
2022-02-02,18.510416666666668,1013.1916666666667,4.853472222222222
2022-02-03,19.67013888888889,1016.1437500000001,3.8249999999999997
2022-02-04,21.220833333333335,1015.9472222222222,3.574305555555556
2022-02-05,24.266666666666666,1013.7909722222222,3.3423611111111113
2022-02-06,29.383333333333333,1013.6541666666667,3.0590277777777777
2022-02-07,30.059722222222224,1011.7687500000001,3.5909722222222222
2022-02-08,26.55763888888889,1007.5270833333333,3.572222222222222
2022-02-09,21.831944444444446,1010.9250000000001,3.01875
2022-02-10,20.67638888888889,1015.8902777777779,3.3256944444444443
2022-02-11,22.118055555555557,1017.6555555555556,3.592361111111111
2022-02-12,24.427083333333332,1013.1611111111112,2.4194444444444443
2022-02-13,27.611805555555556,1011.9694444444444,2.0062499999999996
2022-02-14,27.007638888888888,1016.6194444444445,2.5868055555555554
2022-02-15,24.143749999999997,1018.9909722222224,2.932638888888889
2022-02-16,21.177777777777777,1015.4881944444444,2.4347222222222222
2022-02-17,20.62986111111111,1015.7548611111112,3.3208333333333333
2022-02-18,19.530555555555555,1018.6131944444444,3.3736111111111113
2022-02-19,20.158333333333335,1016.5722222222222,2.5770833333333334
2022-02-20,18.82361111111111,1011.1416666666667,2.6180555555555554
2022-02-21,20.1625,1011.7291666666666,3.0520833333333335
2022-02-22,21.918055555555554,1011.9951388888888,2.8875
2022-02-23,27.581944444444446,1011.5673611111112,2.754861111111111
2022-02-24,25.560416666666665,1013.6756944444444,4.081250000000001
2022-02-25,25.135416666666668,1013.6291666666667,3.6875
2022-02-26,25.586111111111112,1011.6965277777776,3.379861111111111
2022-02-27,23.956944444444446,1009.9104166666667,2.5680555555555555
2022-02-28,23.143749999999997,1008.8652777777778,3.3125
2022-03-01,21.928472222222222,1008.2097222222224,2.972916666666667
2022-03-02,22.881944444444443,1008.1972222222222,2.0611111111111113
2022-03-03,27.133333333333333,1008.7993055555556,1.7965277777777777
2022-03-04,23.233333333333334,1012.0666666666667,2.448611111111111
2022-03-05,20.70138888888889,1014.0027777777777,3.564583333333333
2022-03-06,20.770833333333332,1016.3229166666666,3.5104166666666665
2022-03-07,19.266666666666666,1015.1868055555556,4.043749999999999
2022-03-08,19.52777777777778,1017.3006944444444,4.731249999999999
2022-03-09,18.320138888888888,1019.1027777777776,3.7687500000000003
2022-03-10,20.472916666666666,1018.21875,3.272222222222222
2022-03-11,22.058333333333334,1016.5145833333333,2.3472222222222223
2022-03-12,25.218055555555555,1015.2986111111111,2.2784722222222222
2022-03-13,27.890972222222224,1014.1194444444445,2.7333333333333334
2022-03-14,29.666666666666668,1011.9402777777777,2.990972222222222
2022-03-15,28.68819444444445,1010.4208333333333,2.570138888888889
2022-03-16,26.622916666666665,1009.5645833333333,3.351388888888889
2022-03-17,26.285416666666666,1012.4312500000001,2.6597222222222223
2022-03-18,25.84027777777778,1015.2708333333334,3.4270833333333335
2022-03-19,28.602083333333333,1013.1222222222223,1.5729166666666667
2022-03-20,25.977083333333333,1014.529861111111,2.1263888888888887
2022-03-21,23.239583333333332,1012.9243055555556,1.9069444444444446
2022-03-22,21.48611111111111,1011.0770833333333,2.4833333333333334
2022-03-23,19.793055555555554,1014.4055555555556,3.122916666666667
2022-03-24,18.81597222222222,1016.6743055555556,3.321527777777778
2022-03-25,19.02013888888889,1019.6180555555555,3.1776223776223773
2022-03-26,20.538888888888888,1016.9722222222222,2.4458333333333333
2022-03-27,24.075694444444444,1013.0291666666667,1.74375
2022-03-28,23.644444444444446,1014.0291666666667,2.4055555555555554
2022-03-29,21.174999999999997,1014.5444444444444,2.4368055555555554
2022-03-30,18.400694444444444,1018.3409722222223,4.040277777777778
2022-03-31,16.727777777777778,1022.7895833333334,4.015972222222222
2022-04-01,17.50625,1021.96875,3.759722222222222
2022-04-02,17.391666666666666,1018.7666666666667,2.9409722222222223
2022-04-03,18.775,1014.6756944444444,2.175
2022-04-04,19.29236111111111,1014.2236111111112,1.6291666666666667
2022-04-05,20.638194444444444,1013.9430555555555,2.5166666666666666
2022-04-06,20.581944444444446,1016.9597222222224,3.533333333333333
2022-04-07,18.509722222222223,1019.9166666666666,3.2534722222222223
2022-04-08,20.488194444444446,1017.1187500000001,2.3541666666666665
2022-04-09,23.25486111111111,1014.1069444444444,2.1500000000000004
2022-04-10,23.654861111111114,1014.7930555555556,2.1493055555555554
2022-04-11,23.163194444444443,1017.7687500000001,2.8368055555555554
2022-04-12,23.922916666666666,1018.6104166666667,2.4673611111111113
2022-04-13,23.6,1018.3381944444445,1.4375
2022-04-14,22.640277777777776,1018.9881944444444,1.9395833333333334
2022-04-15,21.77013888888889,1018.4749999999999,1.8020833333333333
2022-04-16,22.922916666666666,1014.7631944444444,1.5354166666666667
2022-04-17,22.695138888888888,1011.1076388888889,2.634027777777778
2022-04-18,17.28472222222222,1014.3430555555556,2.178472222222222
2022-04-19,15.480555555555554,1018.2861111111112,2.2118055555555554
2022-04-20,15.50902777777778,1021.375,1.7833333333333334
2022-04-21,15.912500000000001,1024.5361111111113,2.348611111111111
2022-04-22,16.356250000000003,1026.1416666666667,2.3736111111111113
2022-04-23,17.021527777777777,1024.8902777777778,2.41875
2022-04-24,20.302083333333332,1022.9965277777778,2.8006944444444444
2022-04-25,21.42013888888889,1017.5180555555556,1.6652777777777779
2022-04-26,18.72222222222222,1010.8236111111112,1.3590277777777777
2022-04-27,18.10486111111111,1009.9145833333334,1.3694444444444445
2022-04-28,22.589583333333334,1010.6826388888888,3.5152777777777775
2022-04-29,19.18125,1017.3166666666667,1.7305555555555556
2022-04-30,15.14236111111111,1023.4055555555556,1.6729166666666666
2022-05-01,14.040972222222223,1023.5673611111112,1.2958333333333334
2022-05-02,14.59375,1020.4631944444445,1.5194444444444446
2022-05-03,18.170833333333334,1015.8409722222223,2.8687500000000004
2022-05-04,13.7,1018.3090277777778,2.045138888888889
2022-05-05,11.29513888888889,1022.032638888889,2.0152777777777775
2022-05-06,10.859722222222222,1022.7361111111111,1.5902777777777777
2022-05-07,12.320138888888888,1025.4284722222224,1.6402777777777777
2022-05-08,12.747916666666667,1025.7506944444444,1.4354166666666666
2022-05-09,13.604861111111111,1025.5027777777777,1.5256944444444445
2022-05-10,14.5,1024.4534722222222,1.8629370629370627
2022-05-11,16.245833333333334,1019.2868055555555,2.2472222222222222
2022-05-12,14.549305555555556,1015.3881944444444,1.6215277777777777
2022-05-13,16.52013888888889,1012.1944444444445,2.3006944444444444
2022-05-14,19.013194444444444,1011.1736111111111,2.9458333333333333
2022-05-15,16.703472222222224,1015.0340277777777,2.2118055555555554
2022-05-16,16.139583333333334,1018.470138888889,2.115277777777778
2022-05-17,12.75,1022.0722222222222,1.2902097902097902
2022-05-18,12.7625,1024.80625,1.5923611111111111
2022-05-19,13.822916666666666,1027.6048611111112,1.7423611111111112
2022-05-20,13.160416666666666,1027.9701388888889,1.8576388888888888
2022-05-21,13.75,1025.6479166666666,2.040972222222222
2022-05-22,16.18125,1023.3833333333334,1.4784722222222222
2022-05-23,19.071527777777778,1022.3458333333333,2.0493055555555557
2022-05-24,18.436805555555555,1019.2729166666666,2.85625
2022-05-25,16.974305555555556,1014.5027777777777,3.2354166666666666
2022-05-26,14.750694444444443,1017.4541666666667,1.6347222222222222
2022-05-27,12.318750000000001,1019.1187500000001,1.0694444444444444
2022-05-28,12.738888888888889,1016.3222222222222,1.3291666666666666
2022-05-29,13.507638888888888,1004.0666666666667,3.3041666666666667
2022-05-30,13.404166666666667,995.6881944444444,5.795833333333333
2022-05-31,12.95625,1010.811111111111,4.175694444444444
2022-06-01,11.045833333333333,1019.1701388888889,1.213888888888889
2022-06-02,11.410416666666666,1017.9416666666667,1.8125
2022-06-03,13.302777777777777,1013.3041666666666,3.4715277777777778
2022-06-04,14.42361111111111,1011.5784722222221,4.7125
2022-06-05,12.374305555555557,1006.6284722222222,5.302777777777778
2022-06-06,11.627777777777778,1015.4187499999999,2.5791666666666666
2022-06-07,11.131250000000001,1019.7138888888888,2.2513888888888887
2022-06-08,9.383333333333333,1024.509722222222,1.3055555555555556
2022-06-09,11.419444444444444,1025.3666666666666,1.5125000000000002
2022-06-10,12.353472222222223,1025.8708333333334,1.4307692307692308
2022-06-11,12.051388888888889,1026.009722222222,
2022-06-12,11.566666666666666,1025.1180555555557,
2022-06-13,10.070138888888888,1021.6958333333334,
2022-06-14,14.041666666666666,1015.8506944444445,
2022-06-15,14.556944444444444,1017.1743055555556,
2022-06-16,13.84236111111111,1022.0680555555555,
2022-06-17,13.193750000000001,1023.2569444444445,
2022-06-18,13.586805555555555,1022.9166666666666,
2022-06-19,14.577777777777776,1018.3569444444444,
2022-06-20,14.10763888888889,1017.0381944444445,
2022-06-21,12.273611111111112,1022.9013888888888,1.648
2022-06-22,14.127777777777778,1026.3243055555556,2.0326388888888887
2022-06-23,15.049999999999999,1022.313888888889,3.832867132867133
2022-06-24,14.077777777777778,1019.2833333333333,2.675
2022-06-25,12.736805555555556,1022.967361111111,1.2833333333333334
2022-06-26,11.817361111111111,1028.4708333333333,1.6493055555555556
2022-06-27,9.302083333333334,1032.5638888888889,1.1270833333333334
2022-06-28,9.260416666666666,1027.3916666666667,1.8875000000000002
2022-06-29,9.979166666666666,1022.5965277777777,1.9076388888888889
2022-06-30,11.349305555555555,1025.0291666666667,2.138888888888889
2022-07-01,9.922916666666667,1030.9118055555555,2.3
2022-07-02,9.85763888888889,1030.5541666666666,2.372916666666667
2022-07-03,8.523611111111112,1027.9645833333334,2.4402777777777778
2022-07-04,9.033333333333333,1026.55625,2.562937062937063
2022-07-05,8.92013888888889,1024.025,1.8833333333333333
2022-07-06,6.647222222222222,1022.1819444444445,1.1576388888888889
2022-07-07,10.860416666666667,1023.3249999999999,1.411111111111111
2022-07-08,11.22013888888889,1024.4326388888887,1.5152777777777777
2022-07-09,8.18611111111111,1025.798611111111,1.1430555555555555
2022-07-10,8.652083333333334,1024.2659722222222,2.3159722222222223
2022-07-11,11.293055555555556,1020.9375,3.2333333333333334
2022-07-12,10.827777777777778,1021.5861111111111,1.5270833333333333
2022-07-13,8.410416666666666,1025.195138888889,1.0909722222222222
2022-07-14,7.765277777777778,1028.288888888889,1.1305555555555555
2022-07-15,10.962499999999999,1024.1618055555555,3.552777777777778
2022-07-16,13.96875,1015.8888888888889,5.133333333333334
2022-07-17,13.302777777777777,1016.9826388888889,2.79375
2022-07-18,9.95625,1023.3069444444445,1.2291666666666667
2022-07-19,10.164583333333333,1025.6180555555557,2.236111111111111
2022-07-20,9.551388888888889,1026.0930555555556,2.411888111888112
2022-07-21,11.991666666666667,1023.3187499999999,2.0770833333333334
2022-07-22,14.2,1018.8298611111111,2.9811188811188813
2022-07-23,14.136111111111111,1017.0277777777778,1.8430555555555554
2022-07-24,14.402083333333334,1012.6361111111112,1.9845070422535211
2022-07-25,13.530555555555557,1015.8125,3.21875
2022-07-26,9.713888888888889,1024.540972222222,1.6666666666666667
2022-07-27,8.589583333333334,1025.8256944444445,1.354861111111111
2022-07-28,9.343055555555557,1026.3125,1.6020833333333333
2022-07-29,10.793055555555556,1024.6048611111112,1.820138888888889
2022-07-30,13.783333333333333,1017.9666666666667,3.2486111111111113
2022-07-31,12.770138888888889,1012.2930555555556,2.9868055555555557
2022-08-01,11.583333333333334,1016.8055555555555,2.507638888888889
2022-08-02,13.8,1006.9416666666667,4.881944444444445
2022-08-03,16.97222222222222,1001.7694444444444,3.7750000000000004
2022-08-04,16.552777777777777,999.7097222222224,4.1
2022-08-05,13.314583333333333,1005.3874999999999,4.293749999999999
2022-08-06,11.122222222222222,1014.0555555555555,2.8597222222222225
2022-08-07,9.740277777777777,1021.0784722222221,1.5715277777777779
2022-08-08,9.29513888888889,1023.6951388888889,1.463888888888889
2022-08-09,13.238194444444444,1021.7208333333333,2.1645833333333333
2022-08-10,15.491666666666667,1014.5104166666666,5.353472222222222
2022-08-11,13.823611111111111,1011.3715277777778,4.420138888888889
2022-08-12,12.57986111111111,1012.3375000000001,3.6868055555555554
2022-08-13,11.586111111111112,1015.4305555555555,3.619444444444445
2022-08-14,11.729166666666666,1015.0965277777777,1.945138888888889
2022-08-15,12.103472222222223,1011.9451388888889,2.4652777777777777
2022-08-16,11.598611111111111,1019.1847222222223,1.4409722222222223
2022-08-17,16.226388888888888,1014.3263888888889,4.520833333333333
2022-08-18,13.790972222222223,1012.3472222222222,2.8833333333333333
2022-08-19,12.58125,1021.5749999999999,2.45625
2022-08-20,14.427777777777777,1024.9597222222224,2.195138888888889
2022-08-21,13.952083333333333,1023.9027777777778,1.2708333333333333
2022-08-22,13.402777777777779,1015.9111111111112,3.7194444444444446
2022-08-23,9.440277777777778,1026.6833333333334,2.0777777777777775
2022-08-24,10.819444444444445,1030.0576388888887,1.7527777777777778
2022-08-25,11.042361111111111,1029.0534722222224,1.0499999999999998
2022-08-26,12.821527777777778,1025.9180555555556,1.4152777777777779
2022-08-27,16.000694444444445,1020.7041666666667,2.3597222222222225
2022-08-28,19.49375,1013.9263888888888,3.9034722222222222
2022-08-29,14.359027777777776,1014.7666666666667,3.488888888888889
2022-08-30,11.859027777777778,1023.4194444444444,2.220833333333333
2022-08-31,11.124305555555557,1023.3284722222221,1.8291666666666666
2022-09-01,10.759027777777778,1024.204861111111,2.2826388888888887
2022-09-02,10.45625,1029.5222222222224,3.120833333333333
2022-09-03,9.385416666666666,1030.8090277777778,2.948611111111111
2022-09-04,11.702777777777778,1027.0555555555557,2.4208333333333334
2022-09-05,14.072222222222223,1022.5180555555556,1.6111111111111112
2022-09-06,16.234027777777776,1016.4645833333333,1.8020833333333333
2022-09-07,16.23611111111111,1007.8743055555556,2.8159722222222223
2022-09-08,14.081944444444444,1004.4625000000001,4.004166666666666
2022-09-09,14.302083333333334,1012.7805555555556,4.699999999999999
2022-09-10,13.346527777777778,1018.8868055555556,1.3520833333333333
2022-09-11,12.179166666666667,1019.3888888888889,1.978472222222222
2022-09-12,12.116666666666667,1021.5187500000001,2.0541666666666667
2022-09-13,16.851388888888888,1019.8951388888888,2.308333333333333
2022-09-14,18.686805555555555,1011.6048611111112,4.070138888888889
2022-09-15,14.24097222222222,1009.3479166666667,3.2965277777777775
2022-09-16,14.519444444444446,1006.5423611111112,4.789583333333334
2022-09-17,14.086111111111112,1011.3597222222221,4.240277777777778
2022-09-18,14.804861111111112,1015.4458333333334,2.7819444444444446
2022-09-19,15.720138888888888,1015.8409722222223,1.7777777777777777
2022-09-20,18.244444444444444,1007.3479166666667,4.415277777777778
2022-09-21,14.115277777777777,1015.9423611111112,3.7236111111111114
2022-09-22,14.468055555555557,1018.4715277777777,1.7180555555555557
2022-09-23,13.772916666666667,1017.6805555555555,2.2249999999999996
2022-09-24,14.243055555555555,1015.6673611111112,1.8569444444444443
2022-09-25,15.167361111111111,1012.5354166666667,2.3
2022-09-26,13.563194444444443,1016.1229166666667,2.571328671328671
2022-09-27,12.313194444444443,1019.6604166666667,3.1902777777777778
2022-09-28,12.865277777777777,1022.3597222222221,2.5661971830985912
2022-09-29,13.109722222222222,1024.6270833333333,2.529166666666667
2022-09-30,14.381250000000001,1023.4680555555556,2.4340277777777777
2022-10-01,16.523611111111112,1018.5541666666666,1.8555555555555554
2022-10-02,19.383333333333333,1015.4486111111112,2.053472222222222
2022-10-03,21.87777777777778,1013.5368055555555,2.807638888888889
2022-10-04,18.47361111111111,1010.2437500000001,3.853472222222222
2022-10-05,19.021527777777777,1010.2236111111112,2.0326388888888887
2022-10-06,20.40138888888889,1010.8180555555555,2.3284722222222225
2022-10-07,15.729861111111111,1015.313888888889,2.4833333333333334
2022-10-08,12.726388888888888,1022.1666666666666,1.988732394366197
2022-10-09,12.952083333333333,1024.3909722222222,1.5958333333333334
2022-10-10,18.273611111111112,1018.8555555555556,2.4270833333333335
2022-10-11,22.67013888888889,1010.9034722222223,4.074305555555556
2022-10-12,14.734722222222224,1010.6715277777779,1.4194444444444445
2022-10-13,13.219444444444443,1009.6555555555556,2.704861111111111
2022-10-14,15.250694444444443,1016.6368055555556,2.6680555555555556
2022-10-15,15.688888888888888,1019.3166666666667,1.7791666666666666
2022-10-16,16.681944444444444,1019.9569444444444,2.3335664335664337
2022-10-17,21.272916666666667,1015.6368055555556,3.1090277777777775
2022-10-18,19.498611111111114,1010.8666666666666,3.329861111111111
2022-10-19,18.408333333333335,1012.1479166666666,3.220833333333333
2022-10-20,17.913888888888888,1011.1645833333334,3.058333333333333
2022-10-21,19.541666666666668,1009.2006944444444,1.9458333333333333
2022-10-22,18.359027777777776,1009.2305555555556,2.0145833333333334
2022-10-23,15.640972222222224,1009.6624999999999,1.9548611111111112
2022-10-24,15.84375,1007.7381944444444,2.91875
2022-10-25,16.8125,1007.5777777777779,2.089583333333333
2022-10-26,17.06736111111111,1006.9104166666667,2.158333333333333
2022-10-27,16.876388888888886,1009.3881944444444,3.073611111111111
2022-10-28,16.02777777777778,1011.2326388888889,2.7555555555555555
2022-10-29,15.771527777777777,1009.9395833333333,1.4923611111111112
2022-10-30,22.6875,998.1013888888889,5.907638888888889
2022-10-31,15.004166666666666,997.4229166666667,3.592361111111111
2022-11-01,11.799305555555556,1004.0763888888889,5.202777777777778
2022-11-02,13.138194444444444,1017.1270833333333,2.122916666666667
2022-11-03,14.739583333333334,1022.8381944444445,2.053472222222222
2022-11-04,16.547916666666666,1023.8618055555556,1.6326388888888888
2022-11-05,20.32361111111111,1019.9590277777778,1.84375
2022-11-06,22.516666666666666,1017.2166666666667,1.4631944444444445
2022-11-07,25.141666666666666,1013.8993055555555,2.1375
2022-11-08,25.833333333333332,1010.7444444444445,3.05
2022-11-09,27.239583333333332,1007.1777777777778,4.333333333333333
2022-11-10,20.927777777777777,1009.4458333333334,2.245138888888889
2022-11-11,22.291666666666668,1008.6374999999999,2.254166666666667
2022-11-12,24.759027777777778,1001.5451388888889,3.5520833333333335
2022-11-13,19.356944444444444,1002.7895833333334,4.923611111111111
2022-11-14,15.389583333333333,1013.1652777777776,4.554545454545454
2022-11-15,14.914583333333333,1017.1166666666666,3.1381944444444443
2022-11-16,14.918055555555554,1018.1368055555556,2.613888888888889
2022-11-17,19.259027777777778,1014.46875,2.097916666666667
2022-11-18,21.618055555555557,1004.7520833333333,4.631944444444445
2022-11-19,21.24652777777778,998.3652777777778,5.050694444444444
2022-11-20,17.054861111111112,1008.5847222222224,4.928472222222222
2022-11-21,14.681249999999999,1016.8402777777778,4.293055555555556
2022-11-22,15.152777777777779,1020.3104166666667,1.6847222222222222
2022-11-23,16.859027777777776,1018.8708333333333,2.102777777777778
2022-11-24,20.865972222222222,1018.5048611111112,2.136111111111111
2022-11-25,26.749305555555555,1014.2763888888888,2.3868055555555556
2022-11-26,24.4125,1006.1618055555555,3.8958333333333335
2022-11-27,18.361805555555556,1009.4625000000001,3.142361111111111
2022-11-28,16.44236111111111,1013.7180555555556,2.773611111111111
2022-11-29,17.368055555555557,1017.376388888889,3.0284722222222222
2022-11-30,18.095833333333335,1016.4152777777776,3.2743055555555554
2022-12-01,20.722916666666666,1013.657638888889,3.120138888888889
2022-12-02,24.358333333333334,1011.7048611111111,2.5208333333333335
2022-12-03,28.084027777777777,1010.4979166666667,1.976388888888889
2022-12-04,27.18472222222222,1010.0944444444444,3.563888888888889
2022-12-05,20.654861111111114,1012.9229166666667,3.7750000000000004
2022-12-06,22.527083333333334,1007.123611111111,2.0493055555555557
2022-12-07,18.748611111111114,1010.8104166666667,4.180555555555555
2022-12-08,16.92638888888889,1016.1090277777779,3.417361111111111
2022-12-09,22.993055555555557,1011.9895833333334,1.8583333333333334
2022-12-10,28.216666666666665,1007.6006944444445,3.9930555555555554
2022-12-11,20.302777777777777,1007.1520833333333,4.140277777777778
2022-12-12,16.398611111111112,1013.7763888888888,4.016666666666667
2022-12-13,16.13888888888889,1016.4625000000001,3.0687499999999996
2022-12-14,16.48263888888889,1018.9180555555556,3.4875
2022-12-15,17.056944444444444,1016.7624999999999,3.554861111111111
2022-12-16,19.54236111111111,1015.7465277777778,3.7159722222222222
2022-12-17,23.356250000000003,1014.9819444444444,3.459027777777778
2022-12-18,27.89513888888889,1012.2729166666666,4.095138888888889
2022-12-19,27.763194444444444,1011.8305555555556,4.397916666666666
2022-12-20,27.285416666666666,1009.0145833333333,3.890972222222222
2022-12-21,25.244444444444444,1007.1395833333333,2.259722222222222
2022-12-22,22.530555555555555,1010.0409722222222,2.8375000000000004
2022-12-23,21.53402777777778,1010.7249999999999,3.365972222222222
2022-12-24,23.15902777777778,1009.4499999999999,2.673611111111111
2022-12-25,27.47222222222222,1009.0340277777777,2.3444444444444446
2022-12-26,30.520833333333332,1011.6958333333334,2.8881944444444443
2022-12-27,35.66388888888889,1008.1020833333334,3.7743055555555554
2022-12-28,20.873611111111114,1013.4756944444445,3.978472222222222
2022-12-29,19.555555555555557,1015.123611111111,3.595138888888889
2022-12-30,22.11388888888889,1011.7743055555555,3.6590277777777778
2022-12-31,25.725694444444443,1007.8465277777777,2.873426573426573
2023-01-01,29.990972222222222,1004.3493055555555,2.66993006993007
2023-01-02,24.174999999999997,1006.8923611111111,3.592361111111111
2023-01-03,20.101388888888888,1009.9354166666667,4.0256944444444445
2023-01-04,19.15347222222222,1012.1166666666666,4.269444444444444
2023-01-05,20.039583333333333,1012.7409722222224,3.9625000000000004
2023-01-06,24.408333333333335,1009.1152777777778,3.2286713286713287
2023-01-07,31.44097222222222,1005.3701388888888,3.134722222222222
2023-01-08,30.335416666666667,1007.2277777777776,2.7354166666666666
2023-01-09,26.112499999999997,1011.5097222222222,3.7845070422535207
2023-01-10,24.984027777777776,1010.8666666666666,3.384722222222222
2023-01-11,26.26111111111111,1009.3666666666666,2.406993006993007
2023-01-12,28.818055555555556,1010.8291666666667,2.9971830985915493
2023-01-13,32.41597222222222,1010.3048611111111,2.540277777777778
2023-01-14,31.654166666666665,1008.6798611111111,4.834027777777778
2023-01-15,22.243055555555557,1015.7861111111112,3.84375
2023-01-16,28.510416666666668,1012.4597222222224,1.930769230769231
2023-01-17,31.102777777777778,1009.6847222222223,4.722222222222222
2023-01-18,21.127083333333335,1013.9111111111112,3.5374999999999996
2023-01-19,18.738194444444446,1015.65625,3.6132867132867137
2023-01-20,20.413888888888888,1013.1416666666667,3.3743055555555554
2023-01-21,20.870833333333334,1012.6819444444445,3.2472222222222222
2023-01-22,23.108333333333334,1012.4951388888888,3.365972222222222
2023-01-23,25.540277777777778,1009.4659722222223,3.1722222222222225
2023-01-24,24.765277777777776,1009.0243055555555,2.910416666666667
2023-01-25,23.466666666666665,1010.9430555555555,3.2659722222222225
2023-01-26,23.775694444444444,1013.9034722222223,3.652083333333333
2023-01-27,30.395138888888887,1007.6604166666667,2.3138888888888887
2023-01-28,26.768749999999997,1006.8395833333333,3.0555555555555554
2023-01-29,22.48611111111111,1010.1722222222221,1.9534722222222223
2023-01-30,22.029861111111114,1011.6951388888889,3.323611111111111
2023-01-31,20.766666666666666,1008.8090277777778,2.2
2023-02-01,20.089583333333334,1008.3194444444445,2.8520833333333333
2023-02-02,18.69236111111111,1004.6298611111112,4.464335664335664
2023-02-03,15.402777777777779,1005.8902777777779,3.9444444444444446
2023-02-04,16.84097222222222,1013.845138888889,2.60625
2023-02-05,20.19097222222222,1016.0520833333334,2.347916666666667
2023-02-06,23.96597222222222,1015.7986111111111,2.8368055555555554
2023-02-07,27.702083333333334,1012.7791666666667,2.5433566433566432
2023-02-08,29.84861111111111,1009.3854166666666,2.5999999999999996
2023-02-09,31.36180555555556,1004.9840277777779,1.8229166666666667
2023-02-10,24.510416666666668,1004.0409722222222,2.6993055555555556
2023-02-11,22.510416666666668,1008.7361111111111,3.1875
2023-02-12,20.481250000000003,1013.2937499999999,3.165972222222222
2023-02-13,20.03402777777778,1013.0333333333333,3.879166666666667
2023-02-14,23.450000000000003,1010.4020833333333,2.2517482517482517
2023-02-15,29.876388888888886,1007.9416666666667,2.320138888888889
2023-02-16,32.44444444444444,1007.53125,2.7368055555555557
2023-02-17,24.185416666666665,1011.407638888889,2.758450704225352
2023-02-18,22.377083333333335,1015.2437500000001,3.246153846153846
2023-02-19,25.422222222222224,1015.5875000000001,2.238888888888889
2023-02-20,30.6875,1014.8784722222222,2.6590277777777778
2023-02-21,34.22430555555556,1016.4958333333333,3.1236111111111113
2023-02-22,34.62847222222222,1013.8361111111111,3.728472222222222
2023-02-23,35.48125,1009.0972222222222,2.915277777777778
2023-02-24,32.019444444444446,1008.2791666666667,5.4625
2023-02-25,20.658333333333335,1013.3493055555555,3.51875
2023-02-26,20.054166666666667,1014.0701388888889,3.507638888888889
2023-02-27,20.882638888888888,1013.188888888889,2.7895833333333333
2023-02-28,19.697916666666668,1012.7361111111111,3.425
2023-03-01,20.734722222222224,1014.7673611111111,4.060416666666667
2023-03-02,19.138194444444444,1014.5479166666667,3.4381944444444446
2023-03-03,21.210416666666667,1013.5368055555555,2.6797202797202795
2023-03-04,22.838194444444444,1008.8909722222221,2.0868055555555554
2023-03-05,21.929861111111112,1005.3208333333334,2.634965034965035
2023-03-06,20.668055555555554,1009.1597222222222,2.6416666666666666
2023-03-07,19.725694444444443,1012.5902777777778,3.2493055555555554
2023-03-08,19.269444444444446,1013.3208333333334,4.207638888888889
2023-03-09,19.06875,1015.6256944444444,2.8326241134751773
2023-03-10,21.52777777777778,1013.2861111111112,2.159154929577465
2023-03-11,21.30763888888889,1012.4847222222221,2.5727272727272728
2023-03-12,18.929861111111112,1015.4180555555556,3.288888888888889
2023-03-13,20.802083333333332,1014.3499999999999,1.9426573426573428
2023-03-14,22.924305555555556,1012.6951388888889,2.0797202797202794
2023-03-15,25.282638888888886,1011.9409722222222,2.1354166666666665
2023-03-16,23.214583333333334,1014.2361111111111,2.104861111111111
2023-03-17,26.11875,1012.5458333333333,1.775
2023-03-18,25.966666666666665,1012.4520833333333,2.7645390070921985
2023-03-19,22.68472222222222,1017.186111111111,3.6069444444444443
2023-03-20,21.18263888888889,1020.1652777777776,2.895744680851064
2023-03-21,23.381944444444443,1018.1201388888888,1.96993006993007
2023-03-22,23.334027777777777,1014.8604166666667,1.9909722222222221
2023-03-23,20.032638888888886,1016.2243055555555,2.492361111111111
2023-03-24,19.19861111111111,1018.5909722222223,2.6416666666666666
2023-03-25,20.740277777777777,1016.5722222222222,2.117730496453901
2023-03-26,24.225694444444443,1010.5645833333333,1.49375
2023-03-27,21.018749999999997,1009.7687500000001,1.3401408450704226
2023-03-28,21.009722222222223,1010.9694444444444,1.8615384615384614
2023-03-29,18.620833333333334,1013.28125,2.781560283687943
2023-03-30,16.618055555555557,1015.1055555555556,1.6166666666666667
2023-03-31,17.70486111111111,1017.0097222222222,1.9785714285714286
2023-04-01,16.554861111111112,1019.4041666666667,2.9482517482517485
2023-04-02,16.061805555555555,1017.7972222222221,1.9111888111888113
2023-04-03,18.390972222222224,1015.3291666666667,1.466906474820144
2023-04-04,21.88611111111111,1014.9770833333334,1.7493055555555557
2023-04-05,23.24375,1011.4854166666667,1.6902097902097901
2023-04-06,21.78611111111111,1005.6472222222224,2.2993055555555557
2023-04-07,18.657638888888886,1007.1034722222222,3.308333333333333
2023-04-08,17.51736111111111,1014.3618055555556,2.620833333333333
2023-04-09,16.351388888888888,1016.9784722222222,2.3333333333333335
2023-04-10,15.919444444444444,1015.0833333333334,1.5861111111111112
2023-04-11,18.350694444444443,1009.2034722222221,3.397222222222222
2023-04-12,18.586805555555557,1012.2715277777778,3.6847222222222222
2023-04-13,15.209027777777777,1015.4694444444444,1.7708333333333333
2023-04-14,17.998611111111114,1006.9743055555555,3.1006944444444446
2023-04-15,16.209027777777777,1003.7687500000001,3.6624999999999996
2023-04-16,13.713194444444445,1015.0687499999999,1.947222222222222
2023-04-17,14.81736111111111,1022.7222222222222,1.24375
2023-04-18,17.254166666666666,1021.7020833333333,1.6208333333333333
2023-04-19,15.686111111111112,1024.7062500000002,2.8402777777777777
2023-04-20,14.33888888888889,1027.5305555555556,2.2604166666666665
2023-04-21,15.811805555555557,1028.875,2.0875000000000004
2023-04-22,17.32638888888889,1028.7416666666666,1.6736111111111112
2023-04-23,19.640277777777776,1028.2083333333333,1.6875
2023-04-24,20.218055555555555,1024.4097222222222,1.5034722222222223
2023-04-25,21.702083333333334,1021.4131944444445,1.7368055555555555
2023-04-26,24.080555555555556,1013.9937500000001,3.966666666666667
2023-04-27,19.53402777777778,1013.2777777777778,1.9090277777777775
2023-04-28,16.168750000000003,1015.1277777777777,2.2645833333333334
2023-04-29,12.980555555555556,1016.6243055555556,1.3131944444444443
2023-04-30,13.613888888888889,1017.6520833333333,1.2832167832167831
2023-05-01,17.12986111111111,1017.6458333333334,1.3562500000000002
2023-05-02,17.134027777777778,1020.2263888888889,2.004895104895105
2023-05-03,15.75486111111111,1022.6673611111112,2.8333333333333335
2023-05-04,13.427083333333334,1021.8652777777778,1.3645833333333333
2023-05-05,14.561111111111112,1018.1131944444444,1.7020833333333334
2023-05-06,12.372916666666667,1023.0826388888888,2.5006944444444446
2023-05-07,9.313194444444443,1029.65,1.7854166666666669
2023-05-08,11.229166666666666,1031.11875,1.901388888888889
2023-05-09,12.931249999999999,1030.5020833333333,1.9437499999999999
2023-05-10,13.055555555555555,1027.9520833333333,1.6062500000000002
2023-05-11,14.9375,1024.6708333333333,2.3270833333333334
2023-05-12,14.145138888888889,1027.1750000000002,1.8923611111111112
2023-05-13,17.612499999999997,1026.1368055555556,2.0506944444444444
2023-05-14,17.550694444444446,1023.3645833333334,1.6534722222222222
2023-05-15,15.527777777777779,1022.5493055555556,1.2395833333333333
2023-05-16,13.724305555555555,1024.9104166666666,1.8236111111111113
2023-05-17,13.397222222222222,1026.7173611111111,2.4194444444444443
2023-05-18,10.453472222222222,1026.788888888889,2.2118055555555554
2023-05-19,11.04861111111111,1024.076388888889,1.3743055555555557
2023-05-20,12.875694444444443,1022.7604166666666,1.4465277777777779
2023-05-21,14.021527777777777,1027.290972222222,1.7597222222222222
2023-05-22,13.256944444444445,1029.7652777777778,1.1340277777777779
2023-05-23,12.314583333333333,1027.5444444444445,1.3937499999999998
2023-05-24,14.247222222222222,1022.2118055555555,3.3412587412587413
2023-05-25,13.881250000000001,1017.8673611111111,3.786805555555555
2023-05-26,10.370138888888889,1025.646527777778,1.2368055555555555
2023-05-27,13.054861111111112,1021.9333333333333,2.401388888888889
2023-05-28,14.50486111111111,1018.8215277777776,2.923611111111111
2023-05-29,15.846527777777778,1022.0333333333333,2.261111111111111
2023-05-30,15.995833333333334,1023.8847222222222,1.7291666666666667
2023-05-31,17.69236111111111,1018.6270833333333,2.9659722222222222
2023-06-01,14.913888888888888,1018.3159722222222,1.781818181818182
2023-06-02,18.477083333333333,1016.3604166666667,2.2465277777777777
2023-06-03,19.325000000000003,1016.7756944444445,1.9215277777777777
2023-06-04,21.022222222222222,1016.2604166666666,4.639583333333333
2023-06-05,17.460416666666667,1013.6333333333334,3.2562499999999996
2023-06-06,18.431944444444444,1013.6743055555556,2.9680555555555554
2023-06-07,18.66111111111111,1009.5097222222222,4.460416666666666
2023-06-08,14.740277777777777,1014.9305555555555,4.178472222222222
2023-06-09,13.243749999999999,1019.1722222222221,2.1861111111111113
2023-06-10,11.809027777777779,1021.8930555555556,1.2173611111111111
2023-06-11,14.65625,1018.4909722222224,1.9395833333333334
2023-06-12,15.034027777777778,1012.4645833333333,3.707638888888889
2023-06-13,12.840972222222222,1015.3131944444444,3.1263888888888887
2023-06-14,13.134027777777778,1018.7381944444444,2.654166666666667
2023-06-15,14.20138888888889,1017.3680555555555,3.9562500000000003
2023-06-16,14.724305555555556,1015.7597222222222,4.876388888888889
2023-06-17,13.529166666666667,1014.2722222222224,4.754861111111111
2023-06-18,11.746527777777779,1018.4090277777777,3.209027777777778
2023-06-19,12.652777777777779,1019.2763888888888,2.7972222222222225
2023-06-20,11.238888888888889,1020.845138888889,1.3159722222222223
2023-06-21,11.073611111111111,1015.3486111111112,2.7583333333333333
2023-06-22,11.944444444444445,1006.1750000000001,4.299305555555556
2023-06-23,11.962499999999999,1009.1631944444445,4.981249999999999
2023-06-24,13.220833333333333,1007.7756944444445,5.706250000000001
2023-06-25,12.743055555555555,1013.1354166666666,4.643055555555556
2023-06-26,11.902083333333334,1019.3979166666666,2.0909722222222222
2023-06-27,10.3125,1018.8319444444444,1.68125
2023-06-28,10.746527777777779,1020.7222222222222,1.3048611111111112
2023-06-29,10.170833333333333,1026.5124999999998,1.4451388888888888
2023-06-30,10.624305555555557,1027.0812500000002,1.5284722222222222
2023-07-01,11.615277777777777,1028.3638888888888,1.4895833333333333
2023-07-02,11.204166666666667,1030.320138888889,1.5645833333333334
2023-07-03,10.931944444444445,1023.0541666666666,0.9312499999999999
2023-07-04,11.314583333333333,1014.2784722222223,1.9895833333333333
2023-07-05,13.882638888888888,1010.4569444444444,4.4006944444444445
2023-07-06,13.087499999999999,1007.8909722222221,4.509722222222222
2023-07-07,12.661111111111111,1015.3965277777778,4.422222222222222
2023-07-08,14.031944444444443,1018.3569444444444,4.393750000000001
2023-07-09,13.129861111111111,1024.0319444444444,1.904225352112676
2023-07-10,12.579166666666667,1025.5777777777778,2.137323943661972
2023-07-11,10.790277777777778,1027.4333333333334,1.236619718309859
2023-07-12,10.065972222222221,1027.3763888888889,1.8055555555555556
2023-07-13,11.662500000000001,1023.0673611111112,3.2734265734265735
2023-07-14,13.113888888888889,1018.1013888888889,3.4506944444444443
2023-07-15,11.490972222222222,1021.1930555555555,2.5243055555555554
2023-07-16,8.529166666666667,1028.9097222222222,1.8381944444444445
2023-07-17,8.436805555555557,1025.9715277777777,1.2083333333333333
2023-07-18,8.931249999999999,1025.61875,1.4965277777777777
2023-07-19,12.402777777777779,1020.2736111111111,3.057638888888889
2023-07-20,12.381944444444445,1015.5743055555556,3.2069930069930073
2023-07-21,8.985416666666667,1025.0756944444445,1.225
2023-07-22,11.714583333333334,1024.7118055555557,2.7034722222222225
2023-07-23,10.067361111111111,1029.9715277777777,2.2118055555555554
2023-07-24,11.375,1034.0902777777778,1.5493055555555555
2023-07-25,10.479166666666666,1034.2763888888887,1.4145833333333333
2023-07-26,10.827083333333333,1029.8583333333333,2.1694444444444443
2023-07-27,16.311805555555555,1019.7965277777779,3.2098591549295774
2023-07-28,14.577777777777776,1018.6972222222222,1.5433566433566432
2023-07-29,12.452777777777778,1020.2972222222221,1.5866197183098592
2023-07-30,12.875694444444443,1022.1763888888888,1.9253521126760562
2023-07-31,11.229861111111111,1026.9083333333333,1.4097222222222223
2023-08-01,11.632638888888888,1029.3791666666666,1.2256944444444444
2023-08-02,13.169444444444444,1027.2930555555556,2.3868055555555556
2023-08-03,18.552083333333332,1022.0381944444445,3.7527777777777778
2023-08-04,15.273611111111112,1026.451388888889,3.036111111111111
2023-08-05,8.6375,1034.959027777778,2.1633802816901406
2023-08-06,7.947222222222223,1033.1840277777778,1.5145833333333334
2023-08-07,8.659722222222221,1030.413888888889,1.2622377622377623
2023-08-08,9.773611111111112,1027.7166666666667,1.4398601398601398
2023-08-09,15.706944444444446,1021.5277777777778,4.0154929577464795
2023-08-10,10.702777777777778,1024.9499999999998,1.1888111888111887
2023-08-11,9.797916666666667,1021.6388888888889,1.1798611111111112
2023-08-12,14.489583333333334,1016.2916666666666,1.7055555555555555
2023-08-13,11.497222222222222,1016.5673611111112,1.332167832167832
2023-08-14,11.837499999999999,1018.1673611111112,2.1958333333333333
2023-08-15,12.636805555555556,1020.3402777777778,1.7091549295774646
2023-08-16,15.799999999999999,1015.5701388888889,1.729861111111111
2023-08-17,14.027083333333334,1011.2840277777777,3.160416666666667
2023-08-18,12.647916666666667,1018.6125000000001,3.0133802816901407
2023-08-19,13.834027777777777,1025.0055555555555,1.6788732394366197
2023-08-20,14.318750000000001,1023.8263888888889,1.4777777777777779
2023-08-21,15.35763888888889,1017.2624999999999,2.39375
2023-08-22,11.785416666666666,1021.9784722222222,2.396527777777778
2023-08-23,9.677083333333334,1026.6805555555557,1.24375
2023-08-24,12.755555555555555,1025.361111111111,1.9645833333333331
2023-08-25,15.49097222222222,1024.7958333333333,2.3680555555555554
2023-08-26,12.610416666666667,1025.0638888888889,1.7902777777777779
2023-08-27,12.677083333333334,1025.0423611111112,1.8916666666666666
2023-08-28,14.161111111111111,1021.5854166666666,1.3562500000000002
2023-08-29,18.24652777777778,1015.0381944444445,2.9923076923076923
2023-08-30,13.73263888888889,1018.7743055555555,2.8930555555555557
2023-08-31,11.823611111111111,1024.2236111111113,1.6173611111111112
2023-09-01,12.620138888888889,1023.5798611111111,1.8590277777777777
2023-09-02,14.636111111111111,1018.0749999999999,1.9194444444444443
2023-09-03,20.116666666666667,1008.6340277777776,4.147222222222222
2023-09-04,15.572222222222223,1008.2527777777777,3.2798611111111113
2023-09-05,13.929861111111112,1017.0555555555555,1.9395833333333334
2023-09-06,16.918750000000003,1012.6701388888889,3.3944444444444444
2023-09-07,13.715277777777779,1011.5444444444444,4.488888888888889
2023-09-08,9.929166666666667,1026.8277777777778,3.3743055555555554
2023-09-09,9.568750000000001,1031.1041666666667,1.8118055555555554
2023-09-10,12.996527777777779,1030.7458333333334,1.4131944444444444
2023-09-11,15.672222222222224,1030.2694444444444,1.7868055555555555
2023-09-12,16.661805555555556,1028.8527777777776,1.5180555555555555
2023-09-13,18.677083333333332,1025.2388888888888,1.6423611111111112
2023-09-14,22.100694444444443,1019.4625000000001,3.8034722222222226
2023-09-15,16.450000000000003,1021.5451388888889,1.5555555555555556
2023-09-16,17.498611111111114,1020.6125000000001,1.275
2023-09-17,22.650694444444444,1016.3229166666666,2.9805555555555556
2023-09-18,21.064583333333335,1013.3937500000001,2.4256944444444444
2023-09-19,17.80972222222222,1011.8638888888888,1.713888888888889
2023-09-20,16.091666666666665,1015.5784722222221,2.551048951048951
2023-09-21,15.0,1023.8006944444444,2.6694444444444443
2023-09-22,15.89236111111111,1025.5541666666666,2.0055555555555555
2023-09-23,18.595833333333335,1021.9444444444445,1.775
2023-09-24,21.775,1017.6895833333333,2.1812500000000004
2023-09-25,17.025694444444444,1020.2347222222221,2.9034722222222222
2023-09-26,16.900694444444444,1019.4791666666666,2.0755244755244755
2023-09-27,15.009722222222223,1026.1444444444444,3.056643356643357
2023-09-28,16.740972222222222,1027.6062499999998,1.9851063829787232
2023-09-29,20.163888888888888,1022.1930555555555,1.6506944444444445
2023-09-30,23.749305555555555,1012.2013888888889,3.320138888888889
2023-10-01,19.044444444444444,1013.1944444444445,3.3833333333333333
2023-10-02,22.535416666666666,1007.3319444444444,3.0784722222222225
2023-10-03,16.85486111111111,1011.3284722222221,2.9930555555555554
2023-10-04,12.228472222222223,1018.4229166666667,3.3111111111111113
2023-10-05,13.250694444444443,1026.1215277777778,1.5847222222222221
2023-10-06,15.532638888888888,1029.642361111111,2.5538461538461537
2023-10-07,15.631250000000001,1028.929861111111,2.9930555555555554
2023-10-08,16.235416666666666,1026.3395833333334,2.272222222222222
2023-10-09,18.897916666666667,1022.5569444444445,2.9895833333333335
2023-10-10,20.915972222222223,1020.3840277777776,1.7541666666666667
2023-10-11,23.70138888888889,1016.9458333333334,3.8402777777777777
2023-10-12,16.06597222222222,1023.5270833333333,4.4944444444444445
2023-10-13,14.86597222222222,1026.898611111111,2.6104166666666666
2023-10-14,16.646527777777777,1024.1208333333334,2.495138888888889
2023-10-15,16.436805555555555,1021.1541666666667,2.4361111111111113
2023-10-16,15.16111111111111,1025.1715277777778,3.8041666666666663
2023-10-17,15.768749999999999,1027.3277777777778,2.4604166666666667
2023-10-18,19.77777777777778,1022.2861111111112,1.8312499999999998
2023-10-19,22.470833333333335,1016.2791666666667,1.5784722222222223
2023-10-20,19.55763888888889,1014.5062499999999,2.8208333333333333
2023-10-21,15.367361111111112,1018.4437499999999,4.3808510638297875
2023-10-22,13.622222222222222,1020.3381944444445,2.653146853146853
2023-10-23,19.42638888888889,1012.688888888889,3.072222222222222
2023-10-24,17.394444444444446,1015.9930555555555,4.636805555555556
2023-10-25,12.379166666666666,1025.7458333333334,3.701388888888889
2023-10-26,12.92013888888889,1031.3013888888888,3.28125
2023-10-27,18.356944444444444,1026.5923611111111,2.341666666666667
2023-10-28,21.05138888888889,1019.78125,3.6875
2023-10-29,17.506944444444443,1013.7736111111111,2.3277777777777775
2023-10-30,17.427777777777777,1012.9305555555555,2.973611111111111
2023-10-31,15.686111111111112,1020.7256944444445,3.091666666666667
2023-11-01,16.550694444444446,1022.0180555555556,2.995138888888889
2023-11-02,18.643749999999997,1019.6395833333333,2.142361111111111
2023-11-03,17.720138888888886,1019.7451388888888,3.3618055555555557
2023-11-04,18.119444444444444,1020.5395833333334,3.96875
2023-11-05,21.15972222222222,1019.1687499999999,2.415277777777778
2023-11-06,21.58888888888889,1015.3034722222224,2.4361111111111113
2023-11-07,19.73263888888889,1013.2701388888888,3.597916666666667
2023-11-08,20.595138888888886,1012.3062500000001,2.8895833333333334
2023-11-09,25.196527777777778,1010.2479166666667,2.0791666666666666
2023-11-10,32.21527777777778,1007.4243055555556,3.6666666666666665
2023-11-11,20.6,1016.7638888888889,3.954861111111111
2023-11-12,18.454166666666666,1020.5840277777778,4.299305555555556
2023-11-13,19.60486111111111,1018.0916666666667,2.611111111111111
2023-11-14,19.960416666666667,1015.7104166666666,3.761805555555556
2023-11-15,19.85486111111111,1013.1006944444445,2.829861111111111
2023-11-16,19.589583333333334,1014.7687500000001,3.6631944444444446
2023-11-17,19.425694444444446,1018.2958333333333,3.806944444444445
2023-11-18,20.26388888888889,1016.8916666666667,1.9569444444444446
2023-11-19,21.286805555555556,1016.5409722222222,3.7687500000000003
2023-11-20,19.356250000000003,1017.8048611111111,3.129166666666667
2023-11-21,18.47152777777778,1019.3326388888888,3.8583333333333334
2023-11-22,19.83888888888889,1019.5958333333333,3.997916666666667
2023-11-23,19.043055555555554,1018.0368055555555,3.3597222222222225
2023-11-24,20.06875,1013.9201388888889,2.7729166666666667
2023-11-25,18.828472222222224,1013.4618055555555,3.1243055555555554
2023-11-26,20.502083333333335,1012.4875000000001,3.4555555555555557
2023-11-27,23.88125,1007.5250000000001,2.8176056338028173
2023-11-28,19.147916666666667,1007.5263888888888,4.044444444444444
2023-11-29,18.796527777777776,1010.6624999999999,3.7944444444444443
2023-11-30,21.645833333333332,1008.7451388888888,3.058333333333333
2023-12-01,19.782638888888886,1008.7972222222221,4.269444444444444
2023-12-02,18.05902777777778,1013.4354166666667,3.2201388888888887
2023-12-03,23.18402777777778,1013.2687500000001,1.7527777777777778
2023-12-04,29.302083333333332,1011.2666666666667,3.129861111111111
2023-12-05,24.935416666666665,1013.3708333333333,2.6006944444444446
2023-12-06,27.160416666666666,1013.8458333333333,3.23125
2023-12-07,27.154166666666665,1010.3618055555556,3.3777777777777778
2023-12-08,28.230555555555554,1005.0659722222222,3.1404255319148935
2023-12-09,18.50277777777778,1012.2736111111111,3.5597222222222222
2023-12-10,15.640972222222224,1011.9541666666667,3.1083333333333334
2023-12-11,18.677777777777777,1008.5354166666667,1.582638888888889
2023-12-12,21.950000000000003,1009.6055555555556,2.591666666666667
2023-12-13,23.893749999999997,1007.5722222222222,3.767361111111111
2023-12-14,21.170833333333334,1011.7638888888889,3.0594405594405596
2023-12-15,19.239583333333332,1012.4666666666667,2.7055555555555557
2023-12-16,19.614583333333332,1013.0791666666667,2.7482517482517483
2023-12-17,24.418750000000003,1010.3444444444444,1.8250000000000002
2023-12-18,27.825000000000003,1006.3583333333333,3.2534722222222223
2023-12-19,19.884722222222223,1014.9215277777779,5.638888888888889
2023-12-20,18.736805555555556,1018.0576388888888,4.411267605633802
2023-12-21,19.15277777777778,1017.4743055555555,4.122916666666667
2023-12-22,20.52777777777778,1013.8055555555555,2.3833333333333333
2023-12-23,23.384722222222223,1007.6791666666666,2.7868055555555555
2023-12-24,18.09027777777778,1008.8388888888888,4.643750000000001
2023-12-25,17.608333333333334,1011.1763888888888,4.907638888888889
2023-12-26,17.976388888888888,1013.03125,4.136805555555556
2023-12-27,20.78472222222222,1013.3395833333333,2.2853146853146855
2023-12-28,27.872916666666665,1009.5666666666667,2.161111111111111
2023-12-29,23.09027777777778,1012.3270833333333,4.210416666666666
2023-12-30,17.658333333333335,1019.0527777777778,3.7687500000000003
2023-12-31,20.485416666666666,1017.8305555555556,3.2243055555555555
2024-01-01,23.45763888888889,1014.0888888888888,2.228472222222222
2024-01-02,25.341666666666665,1010.1909722222222,3.5833333333333335
2024-01-03,23.688888888888886,1011.3756944444444,3.6437500000000003
2024-01-04,26.654166666666665,1013.3173611111112,3.079861111111111
2024-01-05,30.43402777777778,1012.7618055555556,3.384722222222222
2024-01-06,26.04861111111111,1009.8062500000001,2.802777777777778
2024-01-07,23.820833333333333,1008.5652777777777,3.220833333333333
2024-01-08,21.290972222222223,1013.4847222222221,3.6812500000000004
2024-01-09,23.09722222222222,1011.8493055555555,2.4895833333333335
2024-01-10,23.579166666666666,1013.4513888888889,3.46875
2024-01-11,27.740972222222222,1014.3729166666667,3.240972222222222
2024-01-12,32.391666666666666,1011.3229166666666,3.2625
2024-01-13,31.56597222222222,1011.592361111111,3.78943661971831
2024-01-14,26.761805555555554,1012.9208333333333,3.4993055555555554
2024-01-15,29.997222222222224,1009.1444444444444,2.4402777777777778
2024-01-16,28.023611111111112,1005.8541666666666,2.665972222222222
2024-01-17,19.99722222222222,1009.4229166666667,4.213888888888889
2024-01-18,19.430555555555557,1010.7895833333334,3.4000000000000004
2024-01-19,24.416666666666668,1007.1965277777776,1.865277777777778
2024-01-20,30.349305555555556,1003.7402777777778,3.6159722222222226
2024-01-21,23.758333333333333,1009.2694444444444,3.5104166666666665
2024-01-22,27.62777777777778,1008.8979166666666,2.2531468531468533
2024-01-23,35.079861111111114,1005.0284722222223,2.779166666666667
2024-01-24,27.375694444444445,1007.5256944444445,2.3465277777777778
2024-01-25,23.946527777777778,1007.9951388888888,3.709027777777778
2024-01-26,20.604166666666668,1011.7083333333334,4.199999999999999
2024-01-27,19.461111111111112,1012.1638888888889,3.132638888888889
2024-01-28,23.581944444444446,1009.8527777777776,2.040277777777778
2024-01-29,25.29513888888889,1010.0194444444444,2.946527777777778
2024-01-30,21.488194444444446,1014.7562499999999,4.030555555555555
2024-01-31,20.095833333333335,1017.53125,3.896503496503497
2024-02-01,21.066666666666666,1016.3368055555555,3.933333333333333
2024-02-02,23.179166666666667,1013.2756944444445,3.272222222222222
2024-02-03,28.049305555555556,1007.7215277777777,1.7513888888888889
2024-02-04,29.41944444444444,1001.2104166666666,3.2194444444444446
2024-02-05,21.945833333333333,1009.375,4.766666666666667
2024-02-06,19.783333333333335,1019.1833333333333,3.980555555555556
2024-02-07,20.728472222222223,1021.9722222222222,4.164583333333334
2024-02-08,22.686805555555555,1021.4798611111112,4.047916666666667
2024-02-09,23.393749999999997,1021.2736111111111,4.084027777777778
2024-02-10,26.00486111111111,1018.7750000000001,3.526388888888889
2024-02-11,27.92638888888889,1014.4881944444444,2.367361111111111
2024-02-12,31.259027777777778,1010.4868055555556,2.261111111111111
2024-02-13,25.293055555555554,1010.7090277777778,4.316083916083916
2024-02-14,20.277083333333334,1017.3166666666667,3.6395833333333334
2024-02-15,21.44027777777778,1018.2611111111112,3.4608391608391607
2024-02-16,25.1,1017.5229166666666,2.8062937062937063
2024-02-17,27.354166666666668,1017.3916666666667,2.806993006993007
2024-02-18,28.984722222222224,1015.9555555555556,3.115277777777778
2024-02-19,29.956249999999997,1013.9131944444445,2.3055555555555554
2024-02-20,31.395138888888887,1008.9305555555555,2.777083333333333
2024-02-21,26.882638888888888,1007.3854166666666,1.7482517482517483
2024-02-22,27.455555555555556,1007.3048611111111,3.425
2024-02-23,20.21875,1016.4743055555555,4.63986013986014
2024-02-24,20.21388888888889,1016.782638888889,2.415972222222222
2024-02-25,24.254166666666666,1013.4875000000001,2.103472222222222
2024-02-26,25.86388888888889,1013.4791666666666,2.5027777777777778
2024-02-27,30.08888888888889,1008.0826388888888,2.0104166666666665
2024-02-28,30.28125,1008.3236111111112,3.1805555555555554
2024-02-29,24.25,1013.40625,3.2159722222222222
2024-03-01,24.74722222222222,1013.7687500000001,2.5611111111111113
2024-03-02,24.18263888888889,1015.8486111111112,3.2666666666666666
2024-03-03,22.50625,1017.592361111111,3.1685314685314685
2024-03-04,24.984027777777776,1016.7333333333333,1.7625000000000002
2024-03-05,28.34861111111111,1014.2368055555556,1.9598591549295776
2024-03-06,27.76736111111111,1014.8312500000001,2.0615384615384618
2024-03-07,27.859722222222224,1017.2944444444444,3.3493055555555555
2024-03-08,32.36388888888889,1015.1381944444444,2.259722222222222
2024-03-09,35.015277777777776,1012.8513888888889,3.4409722222222223
2024-03-10,34.355555555555554,1015.2680555555556,3.0180555555555553
2024-03-11,33.764583333333334,1014.8090277777778,2.8930555555555557
2024-03-12,32.28819444444444,1012.7048611111111,2.665972222222222
2024-03-13,28.762500000000003,1011.2750000000001,1.9868055555555557
2024-03-14,30.381249999999998,1009.3076388888888,2.0597222222222222
2024-03-15,26.02638888888889,1011.6770833333334,1.9680555555555554
2024-03-16,26.383333333333333,1010.3833333333334,1.6576388888888889
2024-03-17,26.635416666666668,1006.5444444444444,2.415277777777778
2024-03-18,24.90902777777778,1007.5229166666666,2.7555555555555555
2024-03-19,20.3125,1014.53125,3.821830985915493
2024-03-20,18.04861111111111,1025.1986111111112,4.061805555555555
2024-03-21,18.889583333333334,1024.3805555555555,2.7430555555555554
2024-03-22,19.071527777777778,1021.6395833333333,3.325
2024-03-23,19.119444444444444,1023.4548611111111,3.9965277777777777
2024-03-24,17.827083333333334,1023.8361111111111,3.6069444444444443
2024-03-25,17.422916666666666,1021.0361111111112,2.5520833333333335
2024-03-26,18.316666666666666,1021.8340277777778,3.0166666666666666
2024-03-27,19.916666666666668,1023.2180555555556,2.8465277777777778
2024-03-28,21.722916666666666,1021.6090277777779,2.6430555555555557
2024-03-29,25.08888888888889,1019.8159722222222,1.8694444444444445
2024-03-30,25.38888888888889,1020.0590277777778,2.048611111111111
2024-03-31,24.40625,1017.0944444444444,2.0160839160839163
2024-04-01,19.772916666666667,1015.9902777777778,2.71875
2024-04-02,16.895833333333332,1019.9555555555556,2.821527777777778
2024-04-03,15.052083333333334,1023.0374999999999,1.4763888888888888
2024-04-04,16.606250000000003,1024.2104166666666,2.7798611111111113
2024-04-05,17.09861111111111,1023.3986111111111,2.986111111111111
2024-04-06,16.765277777777776,1019.0291666666667,2.067361111111111
2024-04-07,15.734027777777776,1016.6854166666667,2.177777777777778
2024-04-08,15.314583333333335,1015.9833333333333,2.4034722222222222
2024-04-09,14.524305555555555,1022.4416666666667,2.7395833333333335
2024-04-10,15.34861111111111,1025.0847222222224,2.504861111111111
2024-04-11,15.469444444444443,1024.3625000000002,2.2825174825174823
2024-04-12,14.54513888888889,1023.1986111111112,2.433333333333333
2024-04-13,14.944444444444445,1022.8631944444444,1.9749999999999999
2024-04-14,16.224305555555556,1022.0652777777777,1.7881944444444444
2024-04-15,16.907638888888886,1023.0395833333334,2.2249999999999996
2024-04-16,16.873611111111114,1024.2305555555556,3.1104166666666666
2024-04-17,16.07361111111111,1025.8729166666667,2.9680555555555554
2024-04-18,14.660416666666666,1025.7493055555556,3.125
2024-04-19,16.456249999999997,1024.5493055555555,2.898611111111111
2024-04-20,14.697916666666666,1028.65625,2.7347222222222225
2024-04-21,15.604166666666666,1027.8090277777778,1.6777777777777778
2024-04-22,17.54513888888889,1022.9270833333334,1.5590277777777777
2024-04-23,18.988194444444446,1019.9951388888888,3.5131944444444443
2024-04-24,13.341666666666667,1026.617361111111,2.5729166666666665
2024-04-25,13.602777777777778,1028.40625,2.552777777777778
2024-04-26,12.84236111111111,1026.9652777777778,2.553472222222222
2024-04-27,14.061805555555557,1023.8902777777779,1.4048611111111111
2024-04-28,15.01388888888889,1020.7805555555556,1.66993006993007
2024-04-29,17.229166666666668,1022.9451388888889,2.4854166666666666
2024-04-30,16.040972222222223,1027.6041666666667,3.6395833333333334
2024-05-01,12.428472222222222,1028.9993055555556,2.9805555555555556
2024-05-02,14.294444444444444,1026.5541666666666,2.6368055555555556
2024-05-03,15.450000000000001,1024.6666666666667,2.9256944444444444
2024-05-04,14.659027777777778,1022.7340277777779,2.3784722222222223
2024-05-05,16.140277777777776,1024.61875,2.6680555555555556
2024-05-06,16.54861111111111,1027.1569444444444,2.7513888888888887
2024-05-07,16.797222222222224,1026.3215277777776,2.0131944444444443
2024-05-08,20.463194444444444,1025.4229166666667,2.297887323943662
2024-05-09,18.75486111111111,1025.8868055555556,2.5590277777777777
2024-05-10,15.17847222222222,1027.2520833333333,2.7631944444444443
2024-05-11,13.367361111111112,1025.9701388888889,2.0229166666666667
2024-05-12,13.170833333333333,1024.2701388888888,1.3868055555555554
2024-05-13,13.64236111111111,1024.5166666666667,1.3590277777777777
2024-05-14,15.345833333333335,1026.1381944444445,1.2986111111111112
2024-05-15,15.619444444444444,1026.2847222222222,1.3055555555555556
2024-05-16,14.308333333333334,1026.2034722222222,1.3520833333333333
2024-05-17,14.505555555555556,1028.4979166666667,2.448611111111111
2024-05-18,12.133333333333333,1031.3458333333333,2.8909722222222225
2024-05-19,11.224305555555555,1030.4131944444443,2.7604166666666665
2024-05-20,12.432638888888889,1030.1513888888887,1.9909722222222221
2024-05-21,10.82638888888889,1029.9097222222222,2.288888888888889
2024-05-22,9.311805555555557,1027.4208333333333,1.3159722222222223
2024-05-23,10.715277777777779,1025.8520833333334,1.3479166666666667
2024-05-24,13.393055555555556,1023.9611111111111,1.1965277777777779
2024-05-25,14.422222222222224,1023.5451388888889,1.1416666666666666
2024-05-26,13.233333333333333,1024.0958333333333,1.3145833333333334
2024-05-27,13.057638888888889,1024.6750000000002,1.2513888888888889
2024-05-28,14.052777777777777,1023.1500000000001,1.7534722222222223
2024-05-29,17.61111111111111,1016.3722222222223,3.2868055555555555
2024-05-30,16.977777777777778,1011.1916666666667,4.234027777777778
2024-05-31,13.480555555555556,1018.2166666666667,2.747916666666667
2024-06-01,11.630555555555555,1025.6243055555556,1.7965277777777777
2024-06-02,9.649999999999999,1025.1965277777776,1.4861111111111112
2024-06-03,11.465972222222222,1016.4041666666667,3.023611111111111
2024-06-04,11.213194444444445,1016.3312500000001,1.573611111111111
2024-06-05,10.547222222222222,1024.0659722222222,1.4118055555555555
2024-06-06,11.953472222222222,1026.5555555555557,1.8270833333333334
2024-06-07,9.555555555555555,1023.9736111111112,1.3576388888888888
2024-06-08,8.684722222222222,1020.9826388888889,1.0187499999999998
2024-06-09,12.163194444444445,1021.0652777777777,1.6625
2024-06-10,16.293055555555554,1019.4951388888888,2.8243055555555556
2024-06-11,16.112499999999997,1016.8902777777779,3.566666666666667
2024-06-12,13.050694444444444,1021.5618055555556,1.276388888888889
2024-06-13,13.933333333333334,1019.4326388888888,1.3763888888888889
2024-06-14,15.93263888888889,1015.0437499999999,2.78125
2024-06-15,12.855555555555556,1019.5374999999999,2.734965034965035
2024-06-16,10.774305555555555,1023.0166666666667,1.3833333333333333
2024-06-17,9.477777777777778,1021.6083333333333,1.5777777777777777
2024-06-18,13.88888888888889,1016.3958333333334,1.5430555555555554
2024-06-19,13.273611111111112,1013.0659722222222,2.667361111111111
2024-06-20,10.983333333333333,1013.6097222222221,3.6284722222222223
2024-06-21,9.89375,1024.9020833333334,1.6701388888888888
2024-06-22,8.804166666666667,1028.767361111111,1.24375
2024-06-23,10.273611111111112,1022.0694444444445,2.8069444444444445
2024-06-24,12.33125,1013.9597222222224,4.058333333333334
2024-06-25,12.305555555555555,1012.2680555555556,3.8506944444444446
2024-06-26,12.582638888888889,1017.0194444444444,3.2340277777777775
2024-06-27,12.307638888888889,1019.9034722222223,2.129166666666667
2024-06-28,14.715972222222222,1016.3743055555556,3.9145833333333337
2024-06-29,12.438194444444443,1015.8159722222222,2.7
2024-06-30,9.417361111111111,1025.0916666666667,2.271527777777778
2024-07-01,9.134027777777778,1029.695138888889,1.9673611111111111
2024-07-02,8.3625,1031.8506944444443,1.7902777777777779
2024-07-03,7.897916666666666,1032.017361111111,1.8958333333333333
2024-07-04,12.409722222222221,1031.4055555555556,3.040277777777778
2024-07-05,15.488888888888889,1030.5590277777778,4.436805555555555
2024-07-06,15.865277777777777,1026.7027777777778,5.543055555555556
2024-07-07,13.863888888888889,1019.7298611111112,2.0659722222222223
2024-07-08,12.311805555555557,1018.5500000000001,2.0694444444444446
2024-07-09,12.610416666666667,1024.2555555555555,1.2784722222222222
2024-07-10,12.131944444444445,1020.373611111111,3.0326388888888887
2024-07-11,12.743055555555555,1014.2527777777777,3.8618055555555557
2024-07-12,11.920833333333333,1018.3527777777776,1.2645833333333334
2024-07-13,12.303472222222222,1020.0201388888888,1.3770833333333334
2024-07-14,11.627083333333333,1019.0263888888888,1.4104166666666667
2024-07-15,10.48263888888889,1017.0243055555555,2.0194444444444444
2024-07-16,9.068750000000001,1018.9527777777779,2.317361111111111
2024-07-17,9.245138888888889,1019.9201388888889,2.0770833333333334
2024-07-18,10.745138888888889,1020.3180555555555,1.9444444444444444
2024-07-19,12.682638888888889,1009.6437500000001,6.040972222222222
2024-07-20,12.361805555555556,1018.3020833333334,3.097916666666667
2024-07-21,13.375694444444443,1022.9375,3.4916666666666667
2024-07-22,12.931249999999999,1024.1118055555555,2.810416666666667
2024-07-23,14.204166666666667,1020.6777777777778,4.011805555555556
2024-07-24,16.46597222222222,1010.8819444444445,4.747222222222223
2024-07-25,13.079166666666667,1013.8854166666666,2.0541666666666667
2024-07-26,13.993055555555555,1017.2472222222223,3.5541666666666667
2024-07-27,10.96875,1023.1743055555556,2.5256944444444445
2024-07-28,8.494444444444445,1030.24375,1.2027777777777777
2024-07-29,9.172222222222222,1030.7062500000002,2.042361111111111
2024-07-30,10.64375,1032.1979166666667,1.625
2024-07-31,12.725000000000001,1031.9319444444445,2.279166666666667
2024-08-01,12.883333333333333,1027.1284722222222,2.8993055555555554
2024-08-02,13.608333333333333,1023.5124999999999,3.3229166666666665
2024-08-03,11.95486111111111,1026.0500000000002,1.879861111111111
2024-08-04,11.891666666666667,1024.2173611111111,1.56875
2024-08-05,11.127777777777778,1022.9493055555556,1.2708333333333333
2024-08-06,9.448611111111111,1024.7930555555556,1.4402777777777778
2024-08-07,10.904166666666667,1022.7847222222222,2.5145833333333334
2024-08-08,13.026388888888889,1020.1777777777778,3.252083333333333
2024-08-09,12.097222222222221,1024.4618055555557,2.0784722222222225
2024-08-10,14.711111111111112,1026.5263888888887,1.9194444444444443
2024-08-11,15.413194444444445,1025.5284722222223,1.65
2024-08-12,18.706944444444446,1022.4965277777778,2.7631944444444443
2024-08-13,19.450694444444444,1019.0479166666667,3.05
2024-08-14,19.222916666666666,1015.3861111111112,2.8020833333333335
2024-08-15,20.17361111111111,1010.095138888889,4.072222222222222
2024-08-16,15.241666666666667,1011.7694444444444,4.009722222222222
2024-08-17,13.665972222222223,1016.1854166666667,3.204861111111111
2024-08-18,13.17361111111111,1016.9972222222223,1.13125
2024-08-19,17.55902777777778,1011.8631944444444,3.576388888888889
2024-08-20,16.790972222222223,1011.3916666666667,3.6069444444444443
2024-08-21,15.570138888888888,1017.8027777777778,2.3020833333333335
2024-08-22,16.02638888888889,1018.2784722222223,1.5340277777777778
2024-08-23,22.483333333333334,1010.4888888888888,4.497916666666667
2024-08-24,19.136805555555554,1011.0513888888888,1.7104166666666667
2024-08-25,19.35,1011.7131944444445,3.853472222222222
2024-08-26,14.903472222222222,1020.3312500000001,1.9402777777777775
2024-08-27,19.01736111111111,1013.8097222222223,4.828472222222222
2024-08-28,15.45486111111111,1016.5124999999999,2.2243055555555555
2024-08-29,17.170833333333334,1010.4729166666667,3.873611111111111
2024-08-30,18.90138888888889,1006.6458333333334,4.11875
2024-08-31,16.814583333333335,1011.2229166666667,3.552777777777778
2024-09-01,17.145833333333332,1012.4111111111112,3.670138888888889
2024-09-02,13.931944444444445,1025.1576388888889,3.734027777777778
2024-09-03,13.629166666666666,1027.8430555555556,1.9874999999999998
2024-09-04,20.041666666666668,1016.0597222222223,4.406944444444445
2024-09-05,26.313888888888886,1008.4430555555555,5.440972222222222
2024-09-06,18.275694444444444,1015.96875,3.0729166666666665
2024-09-07,12.565972222222221,1025.5770833333333,1.3034722222222221
2024-09-08,13.534027777777778,1023.9576388888888,1.898611111111111
2024-09-09,15.51388888888889,1022.623611111111,1.9583333333333333
2024-09-10,15.770138888888889,1020.7194444444444,2.0965277777777778
2024-09-11,14.088194444444445,1025.8006944444444,2.9770833333333333
2024-09-12,11.74861111111111,1032.111111111111,3.0256944444444445
2024-09-13,11.3625,1030.7875,2.71875
2024-09-14,12.995833333333334,1029.4027777777778,3.7430555555555554
2024-09-15,10.810416666666667,1032.9777777777776,3.880555555555555
2024-09-16,11.90763888888889,1032.7069444444444,3.2027777777777775
2024-09-17,12.464583333333334,1026.5006944444444,1.6749999999999998
2024-09-18,16.34375,1016.8951388888888,2.9749999999999996
2024-09-19,12.122222222222222,1016.1041666666666,2.6729166666666666
2024-09-20,14.511111111111111,1015.8548611111112,2.326388888888889
2024-09-21,14.733333333333333,1016.4013888888888,2.3020833333333335
2024-09-22,14.01736111111111,1018.8972222222224,1.567361111111111
2024-09-23,16.271527777777777,1017.5243055555555,1.5152777777777777
2024-09-24,17.005555555555556,1011.7458333333333,1.790972222222222
2024-09-25,15.600000000000001,1014.8833333333334,3.511111111111111
2024-09-26,11.95486111111111,1025.4347222222223,2.9875
2024-09-27,15.8125,1022.8791666666667,2.176388888888889
2024-09-28,19.116666666666667,1015.6020833333334,4.459027777777778
2024-09-29,15.434722222222222,1020.9000000000001,2.736111111111111
2024-09-30,13.977777777777778,1025.148611111111,1.6486111111111112
2024-10-01,15.461111111111112,1025.3381944444445,2.7506944444444446
2024-10-02,20.467361111111114,1022.4784722222222,2.1722222222222225
2024-10-03,23.05625,1013.5361111111112,4.168055555555556
2024-10-04,18.78125,1011.3631944444444,2.829861111111111
2024-10-05,17.635416666666668,1012.1048611111112,3.277083333333333
2024-10-06,19.22361111111111,1016.6402777777779,2.384722222222222
2024-10-07,18.811805555555555,1019.1791666666666,2.51875
2024-10-08,16.67638888888889,1023.1444444444444,2.6534722222222222
2024-10-09,20.143749999999997,1018.9430555555555,1.7895833333333333
2024-10-10,17.845138888888886,1021.8548611111112,4.13006993006993
2024-10-11,16.210416666666667,1025.8166666666666,3.6319444444444446
2024-10-12,20.319444444444443,1022.1118055555556,2.271527777777778
2024-10-13,25.007638888888888,1014.9715277777777,2.651388888888889
2024-10-14,25.511805555555554,1011.5118055555556,3.1875
2024-10-15,24.425694444444446,1010.9555555555556,3.5520833333333335
2024-10-16,26.915972222222223,1007.6194444444445,2.9361111111111113
2024-10-17,22.593055555555555,1002.9597222222224,2.841666666666667
2024-10-18,17.674999999999997,1011.1291666666667,3.9951388888888886
2024-10-19,16.329166666666666,1019.5743055555556,2.7708333333333335
2024-10-20,20.172916666666666,1019.6736111111111,1.8097222222222225
2024-10-21,25.574305555555554,1014.0833333333334,2.6958333333333333
2024-10-22,19.241666666666667,1014.686111111111,2.634027777777778
2024-10-23,18.17361111111111,1015.4562500000001,3.8569444444444443
2024-10-24,15.811805555555557,1020.3486111111112,3.334027777777778
2024-10-25,16.964583333333334,1020.1555555555556,1.9249999999999998
2024-10-26,23.225694444444443,1014.4208333333333,3.1770833333333335
2024-10-27,20.752083333333335,1016.6048611111112,2.834027777777778
2024-10-28,17.717361111111114,1023.5541666666666,3.7708333333333335
2024-10-29,20.670833333333334,1023.2034722222221,2.2381944444444444
2024-10-30,22.64236111111111,1016.3840277777776,2.3743055555555554
2024-10-31,20.113194444444446,1014.8930555555556,3.603472222222222
2024-11-01,18.800694444444446,1017.0999999999999,2.8125
2024-11-02,26.822916666666668,1010.1138888888888,4.421527777777778
2024-11-03,20.285416666666666,1012.2319444444444,3.066666666666667
2024-11-04,19.606944444444444,1015.3715277777778,2.691666666666667
2024-11-05,26.155555555555555,1008.2687500000001,2.0118055555555556
2024-11-06,22.609027777777776,1009.3076388888888,3.8937500000000003
2024-11-07,17.26736111111111,1013.1979166666666,2.145138888888889
2024-11-08,18.04236111111111,1017.2236111111112,2.8430555555555554
2024-11-09,17.06736111111111,1018.1201388888888,1.898611111111111
2024-11-10,22.85486111111111,1017.6750000000001,2.2826388888888887
2024-11-11,22.006944444444443,1013.4944444444445,1.9187500000000002
2024-11-12,20.544444444444444,1012.3805555555555,2.8194444444444446
2024-11-13,18.810416666666665,1017.6777777777778,3.9909722222222226
2024-11-14,17.89513888888889,1019.0729166666666,3.334027777777778
2024-11-15,23.467361111111114,1014.1513888888888,1.9722222222222223
2024-11-16,28.30902777777778,1006.9604166666666,4.322916666666667
2024-11-17,18.03611111111111,1014.779861111111,4.053472222222222
2024-11-18,18.143749999999997,1021.5520833333334,3.3229166666666665
2024-11-19,19.354166666666668,1021.1201388888888,2.582638888888889
2024-11-20,23.313888888888886,1018.1368055555556,2.4618055555555554
2024-11-21,29.94236111111111,1014.5194444444444,2.1590277777777778
2024-11-22,32.88402777777778,1012.3041666666666,3.0520833333333335
2024-11-23,24.708333333333332,1013.8368055555555,2.75
2024-11-24,20.63611111111111,1014.6791666666666,2.463888888888889
2024-11-25,23.9,1009.2534722222222,1.9881944444444446
2024-11-26,25.040277777777778,1004.0729166666666,3.2270833333333333
2024-11-27,19.928472222222222,1007.8986111111111,4.729861111111111
2024-11-28,19.131944444444443,1015.0513888888888,3.0569444444444445
2024-11-29,20.53611111111111,1013.0006944444444,3.4673611111111113
2024-11-30,21.552083333333332,1008.0020833333333,2.7805555555555554
2024-12-01,21.943055555555556,1005.7048611111111,1.7583333333333333
2024-12-02,24.724305555555556,999.2479166666667,2.7041666666666666
2024-12-03,21.658333333333335,1007.2534722222222,3.0562500000000004
2024-12-04,25.294444444444444,1010.7979166666667,1.9381944444444446
2024-12-05,34.138194444444444,1009.3916666666667,2.3743055555555554
2024-12-06,28.770833333333332,1010.0062499999999,3.173611111111111
2024-12-07,24.363194444444446,1011.3395833333333,3.7333333333333334
2024-12-08,20.75347222222222,1015.2583333333334,3.730555555555556
2024-12-09,24.052777777777777,1013.0868055555555,2.2493055555555554
2024-12-10,22.468055555555555,1014.0708333333334,3.902083333333333
2024-12-11,19.867361111111112,1013.6611111111112,3.551388888888889
2024-12-12,23.254166666666666,1009.4541666666667,2.677777777777778
2024-12-13,23.606944444444444,1008.6930555555555,3.4986111111111113
2024-12-14,27.672222222222224,1006.3152777777777,2.58125
2024-12-15,34.02430555555556,1004.3611111111111,1.9881944444444446
2024-12-16,30.44722222222222,1004.1437500000001,3.607638888888889
2024-12-17,21.235416666666666,1014.7958333333333,5.063888888888889
2024-12-18,23.213194444444444,1015.1298611111112,3.223611111111111
2024-12-19,26.577777777777776,1010.8583333333333,2.339583333333333
2024-12-20,24.31527777777778,1010.5270833333333,4.086805555555555
2024-12-21,21.26111111111111,1012.7083333333334,4.232638888888889
2024-12-22,18.838194444444444,1012.2868055555555,4.177083333333333
2024-12-23,18.574305555555554,1015.1798611111111,3.9833333333333334
2024-12-24,22.762500000000003,1014.0145833333333,1.9333333333333331
2024-12-25,30.560416666666665,1008.2159722222223,3.832638888888889
2024-12-26,26.112499999999997,1004.7270833333334,4.551388888888889
2024-12-27,19.793750000000003,1012.0583333333333,3.832638888888889
2024-12-28,20.218055555555555,1014.4458333333334,2.634722222222222
2024-12-29,21.820138888888888,1016.5250000000001,2.302777777777778
2024-12-30,25.48611111111111,1015.5777777777779,2.595833333333333
2024-12-31,25.930555555555557,1014.9798611111112,2.6979166666666665
2025-01-01,22.831249999999997,1016.7479166666667,4.137499999999999
2025-01-02,22.85,1017.9250000000001,3.7805555555555554
2025-01-03,27.720138888888886,1011.9729166666667,1.7965277777777777
2025-01-04,31.12013888888889,1008.1805555555555,2.147222222222222
2025-01-05,27.095833333333335,1009.7479166666667,3.226388888888889
2025-01-06,21.710416666666667,1017.2819444444444,4.5881944444444445
2025-01-07,22.910416666666666,1017.8090277777778,3.7718309859154933
2025-01-08,26.78611111111111,1011.53125,2.267361111111111
2025-01-09,25.709722222222222,1010.5055555555555,3.0777777777777775
2025-01-10,25.860416666666666,1010.71875,3.552777777777778
2025-01-11,26.461805555555557,1007.1979166666666,3.0277777777777777
2025-01-12,27.822916666666668,1005.2611111111112,2.834722222222222
2025-01-13,25.985416666666666,1005.59375,3.1805555555555554
2025-01-14,26.375,1004.2020833333333,2.3722222222222222
2025-01-15,22.71388888888889,1006.4833333333333,4.778472222222223
2025-01-16,20.788194444444443,1013.8861111111112,3.763888888888889
2025-01-17,24.549999999999997,1014.8756944444444,3.1381944444444443
2025-01-18,28.3375,1012.4979166666667,2.1881944444444446
2025-01-19,32.212500000000006,1010.9284722222224,2.538888888888889
2025-01-20,27.606250000000003,1008.2888888888889,2.6847222222222222
2025-01-21,23.597916666666666,1008.6222222222223,3.4243055555555557
2025-01-22,23.6625,1011.0409722222222,3.459027777777778
2025-01-23,21.622916666666665,1010.5048611111112,3.5618055555555554
2025-01-24,21.210416666666667,1013.092361111111,3.4479166666666665
2025-01-25,26.22222222222222,1011.4777777777776,2.6430555555555557
2025-01-26,30.835416666666667,1007.5888888888888,2.0965277777777778
2025-01-27,29.811111111111114,1005.720138888889,4.393750000000001
2025-01-28,22.955555555555556,1015.5965277777777,4.672222222222222
2025-01-29,21.480555555555554,1016.2861111111112,4.40625
2025-01-30,21.725,1014.5902777777778,3.7590277777777774
2025-01-31,24.263194444444444,1013.9909722222224,3.6354166666666665
2025-02-01,28.783333333333335,1009.9694444444444,2.8722222222222222
2025-02-02,32.52152777777778,1006.9180555555556,2.154166666666667
2025-02-03,33.770833333333336,1005.6986111111112,2.0284722222222222
2025-02-04,29.60763888888889,1007.5465277777779,3.814583333333333
2025-02-05,25.52777777777778,1009.1374999999999,3.8368055555555554
2025-02-06,26.859027777777776,1007.09375,2.4868055555555557
2025-02-07,24.88611111111111,1008.2090277777778,3.605555555555556
2025-02-08,23.941666666666666,1008.3069444444445,4.270138888888889
2025-02-09,24.71597222222222,1007.2437500000001,4.022222222222222
2025-02-10,27.647916666666667,1006.0347222222222,2.8499999999999996
2025-02-11,33.19027777777777,1004.6506944444445,2.21875
2025-02-12,36.75208333333333,1001.8784722222222,3.1861111111111113
2025-02-13,24.35486111111111,1006.8520833333334,3.4895833333333335
2025-02-14,20.91736111111111,1011.470138888889,3.0330985915492956
2025-02-15,19.044444444444444,1014.9229166666667,3.9499999999999997
2025-02-16,19.208333333333332,1017.4222222222221,3.082638888888889
2025-02-17,23.881944444444443,1016.6041666666666,2.2118055555555554
2025-02-18,22.854166666666668,1016.904861111111,3.5694444444444446
2025-02-19,20.96597222222222,1018.0430555555556,3.979861111111111
2025-02-20,21.327777777777776,1018.9770833333334,3.568055555555555
2025-02-21,25.49652777777778,1015.1034722222222,1.8845070422535213
2025-02-22,30.247222222222224,1009.3993055555555,3.042361111111111
2025-02-23,22.88125,1016.4576388888888,3.845833333333333
2025-02-24,21.766666666666666,1019.5437499999999,3.3868055555555556
2025-02-25,27.643055555555556,1017.0381944444445,1.9006944444444445
2025-02-26,26.592361111111114,1016.6138888888888,2.6166666666666667
2025-02-27,27.350694444444443,1014.9736111111112,2.6069444444444443
2025-02-28,27.34722222222222,1014.3611111111111,2.8743055555555554
2025-03-01,23.52638888888889,1014.6756944444444,3.4222222222222225
2025-03-02,21.695138888888888,1016.6923611111112,3.836111111111111
2025-03-03,23.511805555555554,1016.6194444444445,3.4534722222222225
2025-03-04,26.390972222222224,1014.6368055555556,1.9909722222222221
2025-03-05,25.75347222222222,1016.8430555555556,3.636111111111111
2025-03-06,22.922222222222224,1018.6423611111111,4.076388888888889
2025-03-07,26.67013888888889,1014.2840277777777,3.379166666666667
2025-03-08,30.090972222222224,1011.7194444444444,3.254861111111111
2025-03-09,29.001388888888886,1010.8506944444445,1.7027777777777777
2025-03-10,31.45138888888889,1011.7923611111112,2.826388888888889
2025-03-11,26.668750000000003,1015.5430555555556,2.8187499999999996
2025-03-12,26.604166666666668,1015.8972222222224,3.3020833333333335
2025-03-13,26.512500000000003,1015.0902777777778,2.45
2025-03-14,30.110416666666666,1014.5041666666667,2.1375
2025-03-15,34.90486111111111,1011.0715277777776,3.6979166666666665
2025-03-16,23.602083333333333,1015.3277777777779,4.136805555555556
2025-03-17,17.774305555555557,1022.2847222222222,3.338888888888889
2025-03-18,20.45138888888889,1016.9923611111111,2.240972222222222
2025-03-19,25.941666666666666,1011.3569444444444,2.245138888888889
2025-03-20,25.29236111111111,1010.7590277777776,2.817361111111111
2025-03-21,21.97222222222222,1015.5173611111111,2.8625
2025-03-22,21.15347222222222,1016.3534722222222,2.479861111111111
2025-03-23,23.02013888888889,1016.2076388888888,2.03125
2025-03-24,24.148611111111112,1016.9166666666666,3.613194444444444
2025-03-25,24.345138888888886,1015.9499999999999,3.757638888888889
2025-03-26,26.48263888888889,1016.1999999999999,3.5965277777777778
2025-03-27,26.364583333333332,1015.8020833333334,3.8618055555555557
2025-03-28,26.220138888888886,1012.5069444444445,3.091666666666667
2025-03-29,23.407638888888886,1013.498611111111,3.2319444444444443
2025-03-30,20.205555555555556,1017.1798611111111,3.7916666666666665
2025-03-31,20.1,1015.7736111111111,3.4916666666666667
2025-04-01,21.844444444444445,1011.436111111111,2.2069444444444444
2025-04-02,21.407638888888886,1009.9159722222222,2.4166666666666665
2025-04-03,17.640972222222224,1016.3159722222222,2.672727272727273
2025-04-04,16.974305555555556,1019.9368055555556,2.786111111111111
2025-04-05,16.580555555555556,1021.3173611111112,1.9528169014084509
2025-04-06,17.836805555555557,1019.6243055555556,2.2083333333333335
2025-04-07,17.813194444444445,1023.3319444444444,2.4000000000000004
2025-04-08,17.078472222222224,1022.9347222222223,1.9194444444444443
2025-04-09,19.273611111111112,1018.5381944444445,1.0138888888888888
2025-04-10,24.239583333333332,1016.5965277777777,2.85625
2025-04-11,21.96388888888889,1021.4222222222221,1.8638888888888887
2025-04-12,26.51111111111111,1022.4340277777778,1.8187499999999999
2025-04-13,27.195833333333333,1021.4743055555555,2.179861111111111
2025-04-14,25.575000000000003,1020.6034722222222,1.6437499999999998
2025-04-15,26.838194444444444,1018.4138888888889,2.160416666666667
2025-04-16,24.611805555555556,1016.4993055555556,1.525
2025-04-17,22.866666666666667,1013.4263888888888,1.573611111111111
2025-04-18,23.47152777777778,1008.2881944444445,2.0930555555555554
2025-04-19,22.83263888888889,1006.2069444444444,3.824305555555556
2025-04-20,17.061111111111114,1014.4777777777776,3.640277777777778
2025-04-21,15.929166666666667,1022.7076388888888,3.2319444444444443
2025-04-22,15.561805555555557,1025.30625,2.2743055555555554
2025-04-23,15.964583333333334,1020.6833333333333,1.963888888888889
2025-04-24,18.188194444444445,1014.8055555555555,1.6715277777777777
2025-04-25,18.362499999999997,1011.4555555555556,1.1159722222222221
2025-04-26,17.481944444444444,1015.7847222222222,2.904166666666667
2025-04-27,16.226388888888888,1019.0854166666666,2.1161971830985915
2025-04-28,16.530555555555555,1019.6736111111111,1.9625000000000001
2025-04-29,16.804861111111112,1022.6944444444445,1.9444444444444444
2025-04-30,14.952083333333333,1027.525,3.0965277777777778
2025-05-01,14.711805555555555,1029.61875,2.5770833333333334
2025-05-02,14.855555555555554,1028.857638888889,1.4777777777777779
2025-05-03,20.015277777777776,1026.267361111111,3.673611111111111
2025-05-04,20.964583333333334,1022.7736111111111,3.1263888888888887
2025-05-05,21.668750000000003,1019.8347222222224,3.5083333333333333
2025-05-06,17.647916666666667,1018.8840277777776,1.442361111111111
2025-05-07,17.05138888888889,1022.2256944444445,2.3062500000000004
2025-05-08,14.813888888888888,1028.8402777777778,1.8138888888888889
2025-05-09,13.972222222222221,1029.2256944444443,1.5097222222222222
2025-05-10,14.49097222222222,1025.7527777777777,1.3361111111111112
2025-05-11,16.234027777777776,1023.4833333333333,1.3611111111111112
2025-05-12,16.679166666666667,1023.40625,1.3319444444444446
2025-05-13,17.106944444444444,1022.529861111111,1.463888888888889
2025-05-14,15.518749999999999,1022.9291666666666,2.5859154929577466
2025-05-15,14.051388888888889,1023.3527777777776,2.228472222222222
2025-05-16,12.106944444444444,1021.0236111111111,1.2430555555555556
2025-05-17,13.182638888888889,1022.7791666666667,1.9833333333333334
2025-05-18,10.702777777777778,1030.1826388888887,2.7777777777777777
2025-05-19,9.661111111111111,1030.2180555555556,1.5819444444444446
2025-05-20,11.929861111111112,1027.851388888889,1.776388888888889
2025-05-21,10.952083333333333,1026.6201388888887,1.3972222222222221
2025-05-22,12.497916666666667,1021.717361111111,1.5055555555555555
2025-05-23,11.815277777777778,1014.8833333333334,1.567361111111111
2025-05-24,16.025,1011.4833333333333,3.7624999999999997
2025-05-25,15.529166666666665,1009.6756944444444,3.5520833333333335
2025-05-26,16.021527777777777,1008.8326388888888,5.283333333333333
2025-05-27,14.654166666666665,1019.5486111111111,3.53125
2025-05-28,12.829166666666667,1026.1083333333333,1.9673611111111111
2025-05-29,14.060416666666667,1025.576388888889,2.0868055555555554
2025-05-30,12.397222222222222,1026.7569444444443,2.1909722222222223
2025-05-31,10.93611111111111,1025.625,1.3583333333333334
2025-06-01,14.22013888888889,1019.936111111111,1.7736111111111112
2025-06-02,13.538194444444445,1015.3902777777779,1.0784722222222223
2025-06-03,13.547222222222222,1018.3583333333333,1.790972222222222
2025-06-04,11.525694444444445,1023.7368055555556,1.676388888888889
2025-06-05,12.764583333333333,1019.7569444444445,3.382638888888889
2025-06-06,12.990277777777777,1013.7819444444444,5.733333333333333
2025-06-07,13.183333333333334,1015.2937499999999,3.790972222222222
2025-06-08,9.409027777777778,1014.9652777777778,1.6770833333333333
2025-06-09,8.814583333333333,1017.25,1.8937499999999998
2025-06-10,10.653472222222222,1017.3687500000001,1.8854166666666667
2025-06-11,10.496527777777779,1015.8902777777779,2.0756944444444443
2025-06-12,11.830555555555556,1015.9090277777777,2.4555555555555557
2025-06-13,10.817361111111111,1022.4131944444445,1.3569444444444445
2025-06-14,11.661805555555555,1018.2854166666667,2.9124999999999996
2025-06-15,10.795833333333333,1020.845138888889,2.379166666666667
2025-06-16,12.688194444444443,1020.845138888889,2.9118055555555555
2025-06-17,12.286805555555555,1025.6201388888887,1.4861111111111112
2025-06-18,9.89236111111111,1024.7569444444443,1.9340277777777777
2025-06-19,10.702083333333333,1023.5909722222223,1.7874999999999999
2025-06-20,10.535416666666666,1024.6368055555556,1.4145833333333333
2025-06-21,13.181249999999999,1023.6416666666667,1.8256944444444443
2025-06-22,17.650694444444444,1015.748611111111,3.8958333333333335
2025-06-23,15.456944444444446,1009.6958333333334,5.079166666666667
2025-06-24,12.179861111111112,1010.3180555555555,5.104166666666667
2025-06-25,12.151388888888889,1021.6187500000001,3.2125000000000004
2025-06-26,11.314583333333333,1030.3638888888888,1.292361111111111
2025-06-27,11.859722222222222,1031.2756944444445,1.3659722222222221
2025-06-28,10.036111111111111,1029.1444444444444,1.0965277777777778
2025-06-29,10.15625,1028.025,1.2659722222222223
2025-06-30,9.922222222222222,1029.2340277777778,2.3819444444444446
2025-07-01,8.206944444444444,1027.0597222222223,1.4416666666666667
2025-07-02,8.061805555555557,1022.1479166666666,1.0590277777777777
2025-07-03,12.409722222222221,1017.5180555555556,2.7
2025-07-04,15.31736111111111,1011.4083333333333,3.7680555555555557
2025-07-05,15.280555555555557,1009.8083333333333,3.884722222222222
2025-07-06,13.65486111111111,1015.4493055555556,2.9715277777777778
2025-07-07,14.17361111111111,1016.1999999999999,3.4256944444444444
2025-07-08,14.204166666666667,1008.1472222222224,4.813194444444445
2025-07-09,10.940277777777778,1006.2027777777779,5.263888888888889
2025-07-10,12.234722222222222,1015.7590277777776,3.1069444444444443
2025-07-11,13.603472222222223,1023.5500000000001,2.7159722222222222
2025-07-12,13.006944444444445,1023.8597222222221,2.254861111111111
2025-07-13,14.036111111111111,1017.59375,3.8465277777777778
2025-07-14,10.0,1016.1423611111111,1.7541666666666667
2025-07-15,11.340277777777779,1014.5069444444445,1.9888888888888887
2025-07-16,11.388194444444444,1019.3937500000001,1.7277777777777779
2025-07-17,11.010416666666666,1020.1333333333334,1.6958333333333333
2025-07-18,8.865277777777777,1020.2569444444445,1.4868055555555555
2025-07-19,12.643055555555556,1017.5625,3.1187500000000004
2025-07-20,11.989583333333334,1018.6374999999999,1.9520833333333334
2025-07-21,14.240277777777777,1007.6159722222224,5.426573426573427
2025-07-22,11.473611111111111,1007.8465277777777,4.353472222222222
2025-07-23,10.440277777777778,1017.4097222222222,2.129861111111111
2025-07-24,13.543055555555556,1015.4458333333334,3.4430555555555555
2025-07-25,11.893055555555556,999.3874999999999,5.819444444444445
2025-07-26,12.456944444444444,1003.5548611111111,5.047222222222222
2025-07-27,11.693055555555555,1013.2291666666666,3.4791666666666665
2025-07-28,10.254861111111111,1013.6590277777777,1.6701388888888888
2025-07-29,10.027083333333334,1012.3444444444444,1.865277777777778
2025-07-30,9.7,1019.8069444444445,1.8743055555555554
2025-07-31,8.927083333333334,1024.0812500000002,1.9770833333333333
2025-08-01,7.1,1025.4,2.2
